Star,Gaia_DR3_ID,otype
USNO-B1.0 1540-00207100,1632642933226873728,CataclyV*
V* CU Vel,5524430207364715520,CataclyV*
SDSS J151415.65+074446.4,1163569523103341568,CataclyV*
LP  462-11,2837767600654385792,CataclyV*
V* BZ UMa,1037411284055821568,CataclyV*
CRTS J050236.5+134916,3391716569637584384,CataclyV*
SDSS J220935.78-001332.5,2678822818216797056,CataclyV*
V* V825 Her,1347992635655772672,CataclyV*
RX J0944.5+0357,3848210123629587072,CataclyV*
LAMOST J211249.93+374225.8,1868891595085249920,CataclyV*
V* V630 Cyg,1966279738001099648,CataclyV*
V* AQ CMi,3155934482978049152,CataclyV*
OGLE BLG-DN-192,4057435061785494656,CataclyV*
V* V721 Sco,4041401021225836288,CataclyV*
1RXS J200552.6-293455,6749618724313541760,CataclyV*
PNV J06000985+1426152,3343921589452347392,CataclyV*
SDSS J151500.56+191619.6,1212352655004983808,CataclyV*
SDSS J234843.14+250249.9,2852495455827670400,CataclyV*
V* FO Aqr,2616360833953395456,CataclyV*
KIS J192651.94+503301.7,2130112326354193024,CataclyV*
CRTS J141002.2-124809,6303931106174662912,CataclyV*
V* AR And,343491353823524864,CataclyV*
CRTS J122059.8-102735,3578039913159192320,CataclyV*
RX J0557.3+6832,481788819721445376,CataclyV*
V* V436 Car,5489659560883611264,CataclyV*
V* V452 Cas,417250162933131648,CataclyV*
V* UZ Boo,1241536747327175936,CataclyV*
MASTER OT J203529.80+063652.8,1747913601981951872,CataclyV*
1RXS J095750.4-420801,5418746249213961472,CataclyV*
RX J0153.3+7446,558935743846455296,CataclyV*
SV* HV  7898,5975718398429644672,CataclyV*
ASASSN -14cn,1629388752470472704,CataclyV*
V* V503 Cyg,2069105580089321472,CataclyV*
ASASSN -14fz,6661251730703015168,CataclyV*
PM J15222+0803W,1163743344724940160,CataclyV*
CRTS J232551.5-014024,2643723241667078272,CataclyV*
OGLE MC-DN-3,4685456381004962048,CataclyV*
2MASS J10051658+6941367,1070597495622821376,CataclyV*
V* V3793 Sgr,4037916600090273280,CataclyV*
SDSS J103533.02+055158.4,3859020040917830400,CataclyV*
SDSS J074917.11+365428.0,919046658301858048,CataclyV*
OGLE BLG-DN-254,4040721003309923840,CataclyV*
SDSS J085228.72+020102.6,577877683490889728,CataclyV*
V* AY Psc,2565601982736199168,CataclyV*
BPS CS 22874-0124,6229447267932112512,CataclyV*
SDSS J013855.86+242939.2,291779226024624640,CataclyV*
1RXS J204455.9-115151,6900318165974107520,CataclyV*
V* V478 Her,4570041951104724096,CataclyV*
KIC 9071514,2106996159531992320,CataclyV*
V* TY Psc,316447594027782912,CataclyV*
HS 0218+3229,325051822271077376,CataclyV*
SDSS J104450.08+232431.2,723028783317516416,CataclyV*
SDSS J003827.06+250924.9,2806802123399581056,CataclyV*
VSX J040659.7+005244,3258480812896290560,CataclyV*
V* VW Tuc,4688478831089666432,CataclyV*
SDSS J152509.57+360054.5,1375131155313563136,CataclyV*
ASASSN -14ei,4752105374261391360,CataclyV*
V* DW UMa,855119196836523008,CataclyV*
CRTS J075100.0+141150,3164517889217942016,CataclyV*
V* V1062 Tau,3419562221302898048,CataclyV*
BD+34   620,138095675448309376,CataclyV*
2MASS J02300379+2604401,103226927620025472,CataclyV*
UCAC3 206-168738,4484363984990385664,CataclyV*
SDSS J004024.16+334133.0,361903328865409408,CataclyV*
V* UX UMa,1559987685901122304,CataclyV*
SDSS J174045.85+060351.0,4485786821746343680,CataclyV*
V* TW Pic,4766218190119756928,CataclyV*
CRTS J075332.0+375801,919213474830239616,CataclyV*
V* BT CrB,1371889764970726144,CataclyV*
V* V660 Her,4581360216423882624,CataclyV*
PM J14332+1011,1176468611268115200,CataclyV*
PM J14113+4812,1507944978763511936,CataclyV*
CRTS J091453.6+113402,593451814725151232,CataclyV*
2MASS J01275053+3808120,323282875565022208,CataclyV*
V* VX For,5053216799714496768,CataclyV*
V* DE Cir,5875274742759861632,CataclyV*
KIC 4163085,2053116211425302144,CataclyV*
SDSS J102402.70+480851.1,834525820788839680,CataclyV*
CRTS J223058.3+210147,1873931030526034176,CataclyV*
OGLE BLG-DN-184,4043518508770139648,CataclyV*
SDSS J150602.24+120506.3,1180741244738096896,CataclyV*
V* V442 Oph,4124654392314770048,CataclyV*
V* CT Hya,581110831791334400,CataclyV*
SDSS J162450.82+451806.8,1409634075007666048,CataclyV*
V* XY Psc,2539642959880875136,CataclyV*
Terz V 2982,4060865435005847424,CataclyV*
V* EU Lyn,918840426857988736,CataclyV*
V* V393 Hya,5452961607957113216,CataclyV*
V* AG Hya,5660433576602424448,CataclyV*
V* V558 Vir,3652542030783440256,CataclyV*
V* V1323 Her,4611319954072608384,CataclyV*
V* V1309 Sco,4044184503560991744,CataclyV*
SDSS J163605.01+465204.5,1407217451528505728,CataclyV*
SDSS J025737.74+333750.5,137080654417119872,CataclyV*
SBSS 0150+339,305911489495287936,CataclyV*
V* V1375 Cen,5334608939454354688,CataclyV*
ASASSN -14jv,2104562321825510400,CataclyV*
V* BC Dor,4659256736897181312,CataclyV*
ATO J284.0336+45.6277,2107209847044730112,CataclyV*
SDSS J125641.29-015852.0,3688476819557779712,CataclyV*
V* ES Cet,2462596293177188480,CataclyV*
FASTT 1560,2654255639643078528,CataclyV*
SDSS J075648.04+305805.0,877602521701648768,CataclyV*
V* CC Cnc,664787098343076992,CataclyV*
SDSS J150441.76+084752.6,1167630942962176512,CataclyV*
V* CY Lyr,4537992286672097280,CataclyV*
[KIU2009] OT J182142.8+212154,4528875887866176896,CataclyV*
V* V902 Mon,3123892304664353024,CataclyV*
V* V406 Vir,3681313024562519552,CataclyV*
SDSS J083404.24+185416.9,662643501643372544,CataclyV*
SDSS J011331.70-033233.5,2483547933921120768,CataclyV*
CRTS J200331.3-284941,6750469849393418752,CataclyV*
V* AH Eri,3176908972944418816,CataclyV*
V* KV Dra,1620622591076494208,CataclyV*
V* V805 Aur,955877579117043328,CataclyV*
RX J1600.2+7050,1647976069553227136,CataclyV*
V* AO Psc,2648391016419660032,CataclyV*
RX J0154.0-5947,4714563374364671872,CataclyV*
CRTS J081210.2+040352,3091578315052482304,CataclyV*
CRTS J170609.7+143452,4545086473126911360,CataclyV*
V* MR Lac,2000068451881379968,CataclyV*
CRTS J130514.7+582855,1578672472969644288,CataclyV*
MASTER OT J055845.55+391533.4,3458275544681382912,CataclyV*
USNO-A2.0 1575-03714897,1650075067314553216,CataclyV*
V* AQ Eri,3212803625248377088,CataclyV*
OGLE BLG-DN-909,4050884686879419520,CataclyV*
OGLE BLG-DN-550,4050377021768835328,CataclyV*
ASASSN -14dx,2488974302977323008,CataclyV*
CRTS J214804.4+080951,2701764742511777280,CataclyV*
PG 1316+678,1684650348617089280,CataclyV*
SDSS J082123.73+454135.4,930082250350668928,CataclyV*
BD+08   102,2750199780197751936,CataclyV*
V* GS Pav,6422675166520651264,CataclyV*
PM J07068+0324,3116059834803771904,CataclyV*
PNV J17144255-2943481,4107290939047483008,CataclyV*
CRTS CSS140430 J130136-052938,3677784687453093120,CataclyV*
V* BC Cas,2011649264254038528,CataclyV*
V* AY Lyr,2096934223687181696,CataclyV*
SDSS J165359.06+201010.4,4564460623922361472,CataclyV*
SDSS J165244.83+333925.3,1314596271336013824,CataclyV*
V* FS Aur,3443331944709730176,CataclyV*
V* TT Ind,6468246487517124736,CataclyV*
CRTS J032034.5+203607,61121202850354048,CataclyV*
LAMOST J033105.99+203510.0,58295423607026048,CataclyV*
1RXS J071404.0+700413,1109608206832496512,CataclyV*
HS 2214+2845,1894166339444439808,CataclyV*
V* HQ Mon,3114391428987853312,CataclyV*
CRTS J012059.6+325545,316746931773522304,CataclyV*
SDSS J150551.61+065948.5,1160374338017986688,CataclyV*
ASASSN -14jq,546910213373341184,CataclyV*
SDSS J132715.28+425932.8,1549364994827244032,CataclyV*
ZTF J151332.97+703722.4,1694471835016084608,CataclyV*
SDSS J182634.66+225610.6,4529459492322139008,CataclyV*
1RXS J094558.3+292249,648437669676020352,CataclyV*
ASASSN -14fc,2243199674253206912,CataclyV*
V* V521 Peg,1776946133496845440,CataclyV*
LP  731-60,3750072904055666176,CataclyV*
V* EV UMa,1563999425873420800,CataclyV*
SWIFT J2124.6+0500,2699191408560964736,CataclyV*
ASASSN -17id,3638934994569644672,CataclyV*
UCAC4 524-048824,610249401755733376,CataclyV*
ASASSN -14cr,1844970242147644672,CataclyV*
SDSS J114628.80+675909.6,1058116114501904384,CataclyV*
CRTS J064610.2-410415,5575511490362529920,CataclyV*
V* V369 Peg,2830539033255948288,CataclyV*
V* V849 Her,4459185168703405568,CataclyV*
UCAC4 761-008050,427708103362698624,CataclyV*
PM J15243+2209,1214663721071751296,CataclyV*
V* PR Her,4610221438876442368,CataclyV*
V* NN Cam,493907671241609472,CataclyV*
PPMXL 2710677403619823610,5693146173538549504,CataclyV*
V* V4338 Sgr,4062334721750845952,CataclyV*
V* V1082 Sgr,4082090647900737152,CataclyV*
ASASSN -16js,4705548409809396096,CataclyV*
V* V1043 Cen,6179636986011888512,CataclyV*
KIC 8490027,2126940892444693760,CataclyV*
V* AR UMa,783921244796958208,CataclyV*
V* V453 Nor,5984221987022142464,CataclyV*
V* LU Cam,481508787854138240,CataclyV*
SDSS J164248.52+134751.4,4461280391188698368,CataclyV*
SDSS J164228.06+193410.0,4563089185028680320,CataclyV*
SDSS J234426.12+470042.9,1939257345657864320,CataclyV*
2MASS J06310028+2602529,3384280886033500160,CataclyV*
SDSS J223606.51+291559.9,1888191490179330304,CataclyV*
V* VX Ret,4682018581800909568,CataclyV*
2MASS J23445734+4334279,1925528950852688512,CataclyV*
V* V344 Pav,6438943162609124224,CataclyV*
V* CW Hyi,4695093944014478080,CataclyV*
CRTS J022436.4+372021,328547891291847680,CataclyV*
V* V823 Cyg,2059533201814932096,CataclyV*
OGLE MC-DN-11,4640514186811727872,CataclyV*
HS 1813+6122,2158980729992107776,CataclyV*
V* CR Boo,3721961488404743040,CataclyV*
V* NZ Boo,1289860214647954816,CataclyV*
V* DP Leo,3971777500966832384,CataclyV*
ASASSN -15ie,6899847063898520704,CataclyV*
UCAC4 750-078221,2014349389931360768,CataclyV*
V* V877 Ara,5813540055384222720,CataclyV*
V* V349 Aqr,2654647748682905600,CataclyV*
V* UV Per,457106501671769472,CataclyV*
HS 0455+8315,570311497303401984,CataclyV*
V* V349 Pav,6427690176495592960,CataclyV*
2MASS J05353264+2200068,3403792299687563264,CataclyV*
SDSS J053659.12+002215.1,3222350478553854464,CataclyV*
V* KQ Peg,2833706554456077056,CataclyV*
V* TT Ari,78395045917118976,CataclyV*
CRTS J112634.0-100210,3589900585606512384,CataclyV*
SDSS J075311.65+352631.2,882687492396994432,CataclyV*
LINEAR 23795703,861540207303947776,CataclyV*
V* GX Cas,423864245075612416,CataclyV*
2MASS J23443249+4335141,1925531424753836544,CataclyV*
V* V795 Her,1334848936218459136,CataclyV*
2MASS J17032407+3209532,1310490286897519360,CataclyV*
V* FH Lyn,928715626116734976,CataclyV*
2QZ J225647.8-274325,6609699002026399360,CataclyV*
SDSS J005347.32+405548.5,374313340514443776,CataclyV*
2MASS J01580342+2823039,298356019250182016,CataclyV*
ZTF18abihypg,2217227427194608768,CataclyV*
ZTF17aaaheoj,264123106973237632,CataclyV*
1RXS J052832.5+283824,3445477328117272576,CataclyV*
ASASSN -14cq,6210239486988239616,CataclyV*
CRTS J122221.6-311525,3469884768265773824,CataclyV*
SDSS J133540.76+050722.7,3714792599576481024,CataclyV*
CRTS J080033.8+192416,670132550216853632,CataclyV*
V* V2051 Oph,4111991385628196224,CataclyV*
TCP J16054809+2405338,1206925328171879808,CataclyV*
V* OV Tau,72035195785242240,CataclyV*
V* IX Vel,5515820034889610112,CataclyV*
CRTS MLS121203 J113751+004218,3798894145200889472,CataclyV*
V* FZ Cet,5135582731875096064,CataclyV*
US  691,825341673177429376,CataclyV*
CRTS J043829.1+004016,3231052151014833536,CataclyV*
HS 1857+7127,2262915708740112000,CataclyV*
US 2109,1008926403817205888,CataclyV*
CRTS J112253.3-111037,3589668932249752064,CataclyV*
V* HO Del,1756386438585507712,CataclyV*
USNO-B1.0 1257-00089884,185599044536229376,CataclyV*
V* V632 Cyg,1966073476490400384,CataclyV*
OGLE MC-DN-23,4761106212669129088,CataclyV*
V* V699 Oph,4355780154558803456,CataclyV*
CRTS J043019.9+095318,3305655836026119168,CataclyV*
V* LY UMa,837035254216960128,CataclyV*
V* RU Hor,4721232870163826816,CataclyV*
CRTS J050253.1+171041,3406991912884113152,CataclyV*
V* V550 Cyg,2031052139815189120,CataclyV*
CRTS J075414.5+313216,880693906019213824,CataclyV*
SDSS J022940.30-030620.8,2496208333573924352,CataclyV*
V* V1432 Aql,4193346037615507968,CataclyV*
V* V351 UMa,1580508421164776064,CataclyV*
GALEX J155904.6+035623,4425059759452336128,CataclyV*
RX J1437.0+2342,1242877636116514432,CataclyV*
LF  1 +05  109,4294249387962232576,CataclyV*
ASASSN -16dt,3576919721264615168,CataclyV*
OGLE MC-DN-13,4674075782817507456,CataclyV*
SDSS J151916.66+211037.9,1214138223233489024,CataclyV*
V* TT Boo,1296877675817415680,CataclyV*
V* CN Ori,3022568258011201024,CataclyV*
SDSS J162558.18+364200.6,1329615982424327936,CataclyV*
KIS J185624.15+400311.8,2103316751246937472,CataclyV*
2MASS J20430593+3413405,1864114938619242240,CataclyV*
OGLE MC-DN-7,4688145953944603136,CataclyV*
V* QZ Ser,1204588041329337600,CataclyV*
SDSS J232113.45+251822.3,2841125848466425856,CataclyV*
OGLE BLG-DN-189,4055738996331971712,CataclyV*
6dFGS gJ000207.4-374917,2307584090171983616,CataclyV*
V* QT Aqr,6910341691929801856,CataclyV*
2MASS J01422705+0017297,2510205490257050496,CataclyV*
V* SX LMi,733329416268149376,CataclyV*
Gaia DR3 4086789647048435968,4086789647048435968,CataclyV*
V* FO And,321856332242222336,CataclyV*
2MASS J23445294+4329564,1925516546987156736,CataclyV*
UCAC4 729-040736,997204613432591616,CataclyV*
2MASS J04304278+6944281,496964073049833088,CataclyV*
V* RX And,374510294830244992,CataclyV*
V* V2323 Sgr,4052198190978716288,CataclyV*
V* AD Men,5278321915508032256,CataclyV*
V* V713 Cep,2194206707428148480,CataclyV*
UCAC4 164-075768,5342621080656522880,CataclyV*
MASTER OT J021315.37+533822.7,455380951309048320,CataclyV*
SRGE J075818.3-612027,5290647986316685824,CataclyV*
ATO J116.7311-09.5751,3040914949554883328,CataclyV*
V* EQ Cet,5041907811522399488,CataclyV*
SDSS J143550.04+592134.6,1617954454312558976,CataclyV*
SDSS J014245.89+232339.8,290720529470734592,CataclyV*
SDSS J151020.77+182302.0,1211814581502368128,CataclyV*
V* EU Cnc,604917354477205120,CataclyV*
V* VY For,5084901254493219968,CataclyV*
V* V379 Vir,3699606286708406912,CataclyV*
1RXS J161659.5+620014,1628286938740022144,CataclyV*
MASTER OT J192513.88-521137.6,6646275149680411136,CataclyV*
SDSS J234440.54-001205.8,2642699218384434432,CataclyV*
V* V1032 Oph,4357536624383506560,CataclyV*
SDSS J121005.33-025543.8,3598332710216846208,CataclyV*
V* GY Hya,6271465242226815104,CataclyV*
SDSS J091001.63+164820.1,610980332174389632,CataclyV*
GALEX J225417.5+074228,2712901249112064384,CataclyV*
V* AR Pic,4794480174438869632,CataclyV*
SDSS J160712.11+392450.6,1379871940214896640,CataclyV*
ASASSN -17ex,5228444838267950848,CataclyV*
V* V442 Cen,5398867830598349952,CataclyV*
V* AH Pic,4764871219656633600,CataclyV*
ASASSN -15lt,6687763017634259328,CataclyV*
V* V1148 Sgr,4064834878107740288,CataclyV*
V* V410 Cas,430454442896219392,CataclyV*
V* MV Lyr,2106069275529926272,CataclyV*
V* PZ Vir,3712647349312292864,CataclyV*
NSV 11297,4258634346581916032,CataclyV*
SDSS J002637.06+242915.6,2807191999055199232,CataclyV*
SDSS J013548.52+242403.1,291741086714493568,CataclyV*
OGLE BLG-DN-407,4062326578572267904,CataclyV*
MASTER OT J190812.83+572431.9,2142953522656435328,CataclyV*
CRTS J163942.7+122414,4460887109626673024,CataclyV*
SDSS J014732.84+144443.3,2588313902941290112,CataclyV*
CRTS J010411.6-031341,2531434796342548224,CataclyV*
2MASS J17481631+5017229,1367437666296248704,CataclyV*
SDSS J003941.06+005427.4,2543387617312121216,CataclyV*
ASAS J142023-4856.0,6091622896978611200,CataclyV*
V* V1378 Aql,4292320363545922432,CataclyV*
OGLE BLG-DN-724,4062872348577012480,CataclyV*
SDSS J161909.10+135145.5,4463547515444791168,CataclyV*
CRTS J092122.8+203858,637583290886543104,CataclyV*
2MASS J16595166+1927454,4561245342686490496,CataclyV*
V* BB Dor,4760105592664097280,CataclyV*
V* SU UMa,1091051096255456384,CataclyV*
SDSS J140203.08+461333.8,1508860876245585920,CataclyV*
V* LW Cam,1099223590090176896,CataclyV*
CRTS J033349.8-282244,5057409070048839040,CataclyV*
V* CC Scl,6557154200328277120,CataclyV*
2MASS J00115308-0647392,2443219535337313280,CataclyV*
V* TZ Per,506799479443438080,CataclyV*
ASASSN -15bp,3893847419620715776,CataclyV*
KIC 6615102,2077549799337352064,CataclyV*
V* DX And,1925123677737599360,CataclyV*
CRTS J022732.9+130617,74525692700241408,CataclyV*
V* V825 Sco,4041895144205053056,CataclyV*
CRTS SSS130313 J140204-365251,6120743015764439040,CataclyV*
CRTS J172102.5+273301,4574403812513125888,CataclyV*
JL  41,6363047310915207680,CataclyV*
SDSS J002500.18+073349.3,2748173586426407424,CataclyV*
V* HQ And,382501820219297792,CataclyV*
CRTS J214738.4+244554,1796202327310776704,CataclyV*
V* EQ CMa,2946431235318861824,CataclyV*
CRTS J225843.5+110912,2718501100487300352,CataclyV*
V* EI Psc,2757417008882236672,CataclyV*
OGLE BLG-DN-850,4050852629186718720,CataclyV*
V* V794 Aql,4222299752184927616,CataclyV*
V* V344 Ori,3345789487910734464,CataclyV*
V* V4745 Sgr,6736319001607204096,CataclyV*
2MASS J16193575+5246326,1425200578380530048,CataclyV*
USNO-B1.0 1434-00048065,407433688760414464,CataclyV*
MASTER OT J024917.47+460031.6,436917372232851968,CataclyV*
SDSS J050027.24+133419.9,3391618889196357248,CataclyV*
GALEX J010844.0+022639,2538720705848262912,CataclyV*
KIC 3952037,2052959973394253056,CataclyV*
V* CG Dra,2134394786705862272,CataclyV*
V* V381 Vel,5417357870965826816,CataclyV*
CRTS J124417.9+300401,4011210252842172672,CataclyV*
SWIFT J0927.7-6945,5219652387372513792,CataclyV*
CRTS J050526.8+083415,3290121179835087232,CataclyV*
ATO J083.2795+17.6401,3397324942228621568,CataclyV*
2MASS J14534105-5521387,5893562752219619200,CataclyV*
2MASS J23442810+4334296,1925531321674623360,CataclyV*
V* V2690 Cyg,2071989534691997184,CataclyV*
SDSS J005217.22+315938.5,360893388779827456,CataclyV*
V* V1229 Her,4565045873343899136,CataclyV*
CRTS J001158.3+315544,2861949606559861120,CataclyV*
GD 245,2843374388402149632,CataclyV*
V* V795 Cyg,2044839156635614976,CataclyV*
V* V1258 Cen,6184077776037155072,CataclyV*
NSV  9787,1349778135164693248,CataclyV*
PPMXL 3488962413540302160,5439658788572959872,CataclyV*
USNO-B1.0 1460-00154704,267785644630328064,CataclyV*
UCAC3 114-219187,6027098061438434944,CataclyV*
SDSS J093423.39+403808.9,813335929619062272,CataclyV*
1RXS J071748.9-215306,2928107839689134080,CataclyV*
SDSS J002603.80-093021.0,2426656831478223872,CataclyV*
CRTS J034420.1+093007,12007117949000576,CataclyV*
2MASS J01093484-0800329,2474999750706913536,CataclyV*
V* V513 Cas,528218378264691072,CataclyV*
CTCV J0333-4451,4846684780367607296,CataclyV*
V* V2690 Oph,4383291477376259968,CataclyV*
CRTS MLS150511 J124539-073706,3675473930624036608,CataclyV*
CRTS J074419.7+325448,881969129052843520,CataclyV*
2MASS J09275195-3910524,5429765829625368832,CataclyV*
SDSS J212029.95+211733.1,1790691854205553024,CataclyV*
CRTS J011516.5+245530,294125858715647360,CataclyV*
V* FL Lyn,931852494135604736,CataclyV*
2MASS J13285639+8326179,1725392030430048000,CataclyV*
V* PU Her,4591356946081956992,CataclyV*
ZTF J204623.78+161032.2,1763012778552710528,CataclyV*
2MASS J21024104-0044085,6917244151050758272,CataclyV*
CRTS J233848.7+281955,2866189598275905152,CataclyV*
KIC 11012359,2119776092419158528,CataclyV*
CRTS J223233.7+185036,2738094943157120512,CataclyV*
2MASS J01552720+4747206,356336432776686208,CataclyV*
ATO J268.3358+25.2803,4581230443990806400,CataclyV*
ASASSN -19rg,3608015074033774336,CataclyV*
ASASSN -14hv,5287103543082731264,CataclyV*
V* BC UMa,787683052032971904,CataclyV*
OGLE GD-DN-7,5253492499122874880,CataclyV*
V* V1570 Cyg,1977999226285907328,CataclyV*
SDSS J204216.16+162338.3,1811096895937322752,CataclyV*
SDSS J090221.35+381941.9,719189902893775872,CataclyV*
Lan 159,521721432776356224,CataclyV*
SDSS J012402.25+211359.7,289388711652054912,CataclyV*
V* V Sge,1829046152689890560,CataclyV*
V* DO Leo,3886153548349816576,CataclyV*
V* AM Cas,545338083544363392,CataclyV*
PBC J0801.2-4625,5518846852963401600,CataclyV*
USNO-A2.0 1275-02473814,244691158804285952,CataclyV*
V* V455 And,1920126431748251776,CataclyV*
CRTS J210950.5+134839,1759156585115470976,CataclyV*
ASASSN -15mt,2132939514346964480,CataclyV*
GSC 04560-02157,1703849402186302592,CataclyV*
V* GQ CVn,1540479119807619456,CataclyV*
ATO J250.9654+00.1811,4382957882974327040,CataclyV*
CRTS J164748.0+433845,1357525573266427392,CataclyV*
V* HO Cet,5172199595815512448,CataclyV*
V* V1101 Aql,1808517927003421056,CataclyV*
SDSS J085332.83+484847.7,1014328888559622784,CataclyV*
V* CP Tuc,6492236727426610304,CataclyV*
V* V1025 Cen,6153373329716524800,CataclyV*
2MASS J19274850+4447248,2126572929707190144,CataclyV*
SDSS J165837.70+184727.4,4561074914085742592,CataclyV*
V* CM Mic,6676258178933058048,CataclyV*
V* EG Cnc,703580960947960576,CataclyV*
ASASSN -15jw,4481114477147879680,CataclyV*
SDSS J204817.85-061044.8,6913162042334862720,CataclyV*
V* V391 Cam,286497000368243200,CataclyV*
CRTS J234814.7+181220,2821834126683649280,CataclyV*
CRTS J111126.9+571239,856604632750452736,CataclyV*
1RXS J065806.3-174427,2933992632075460352,CataclyV*
MASTER OT J173729.43+195938.2,4555424425049913344,CataclyV*
IGR J14257-6117,5854580937493175040,CataclyV*
SDSS J152020.40-000948.3,4418752449654921088,CataclyV*
V* TY PsA,6610409767574182912,CataclyV*
[MTR2015] OW J080311.8-291144.6,5597498218231526016,CataclyV*
V* KR Aur,3436435910858051200,CataclyV*
RX J1831.7+6511,2256734632327338496,CataclyV*
PNV J06483343+0656236,3133113805608088064,CataclyV*
ASASSN -13dh,105746011838379392,CataclyV*
V* EV Lyn,934203971550630656,CataclyV*
SDSS J064411.89+285301.1,3386585011431021184,CataclyV*
V* V1390 Cyg,2064182795954293248,CataclyV*
ASASSN -14ak,5464418617901459072,CataclyV*
SDSS J113732.34+405458.0,767756877680612864,CataclyV*
SDSS J085835.56+281356.3,693096499101830784,CataclyV*
SDSS J144659.95+025330.3,1157501971264781824,CataclyV*
USNO-B1.0 1202-00006789,2858914439070801792,CataclyV*
MASTER OT J224751.44+364320.8,1903872621935972992,CataclyV*
SDSS J071803.31+644745.0,1101345166494742400,CataclyV*
CRTS J194427.8-420209,6688707364980075776,CataclyV*
CRTS CSS101014 J030535-092005,5167185440540755072,CataclyV*
V* AH Her,1300273349974628864,CataclyV*
V* V380 Oph,4474002634076551680,CataclyV*
V* V1223 Sgr,6760253239457454592,CataclyV*
V* GZ Cet,2465053942183130240,CataclyV*
GALEX J074037.7+254109,868762345136010880,CataclyV*
V* HT Cam,1088338463629882624,CataclyV*
V* CZ Aql,4207860450105410688,CataclyV*
ATO J116.8200+42.8136,924287789712940800,CataclyV*
SDSS J113551.10+532246.1,841085507160031232,CataclyV*
G  61-29,3938156295111047680,CataclyV*
CRTS J161850.8-052509,4355437828485664768,CataclyV*
V* HP Nor,5932094003397889280,CataclyV*
Gaia DR3 6831016738348476800,6831016738348476800,CataclyV*
PTF 10aaqj,117199418306373504,CataclyV*
V* V489 Ser,4409578051617714688,CataclyV*
V* SS UMi,1696309737421796352,CataclyV*
V* RX Cha,5199140512621604480,CataclyV*
CRTS J105122.8+672528,1060323143576974464,CataclyV*
OGLE BLG-DN-33,4061142821092264192,CataclyV*
1RXS J035410.4-165244,5107845936158224768,CataclyV*
SDSS J111759.71+765130.5,1128343232134774912,CataclyV*
V* BZ Cir,5800369654124923008,CataclyV*
V* HY Psc,2652196593667289856,CataclyV*
ZTF18abikbmj,4534129393091539712,CataclyV*
SDSS J235131.67+270907.6,2854471033409793024,CataclyV*
SDSS J170542.54+313240.7,1310224819268701696,CataclyV*
CRTS J050716.2+125314,3391361809634511488,CataclyV*
[DDM2009] CSS080417 J081543-004209,3071367401549646336,CataclyV*
V* DX Oct,4612232376924417024,CataclyV*
V* V1310 Cyg,2074528959877067904,CataclyV*
2MASS J19225496+4309059,2126055476346353792,CataclyV*
V* V391 Hya,5453213911516139776,CataclyV*
2MASS J04192359+6530042,489241756210584576,CataclyV*
SDSS J034045.29+471631.6,247978771587341184,CataclyV*
SDSS J052602.79+285121.4,3445683623985041536,CataclyV*
V* WX Ari,22272497806324480,CataclyV*
ASASSN -13ac,6871367853015073920,CataclyV*
V* SS Aur,968824328534823936,CataclyV*
2MASS J00315174+2020505,2796463449923353856,CataclyV*
ASASSN -17fh,4560414176316780672,CataclyV*
ASASSN -14jf,5482325921402847872,CataclyV*
V* V1047 Aql,4303535588269116800,CataclyV*
SDSS J180222.44+455244.4,2116095133648131584,CataclyV*
OGLE MC-DN-17,4662369042004258432,CataclyV*
MASTER OT J184141.08+324317.2,2091016995707432192,CataclyV*
V* CF Gru,6565449500164888704,CataclyV*
OGLE MC-DN-14,4653862601569952512,CataclyV*
SDSS J172758.13+380022.4,1337490650341959296,CataclyV*
ASASSN -14ca,2854649600969944064,CataclyV*
ASASSN -15fv,2134633793047290368,CataclyV*
CRTS J120052.9-152620,3568974066128043520,CataclyV*
SDSS J131432.10+444138.7,1550669805892034432,CataclyV*
OGLE GD-DN-15,5242021676595494144,CataclyV*
RX J1602.5-6032,5833050610041544448,CataclyV*
V* SY Cnc,612044801164706432,CataclyV*
SDSS J154953.42+173939.0,1196777901001463296,CataclyV*
RX J2218.5+1925,1777232423131443840,CataclyV*
MASTER OT J031600.08+175824.4,55722360238508160,CataclyV*
SDSS J081610.84+453010.1,928798016474365952,CataclyV*
CD-42 14462,6688624794231054976,CataclyV*
HS 0229+8016,568635875943206272,CataclyV*
CRTS J084617.1+245343,690436235014785024,CataclyV*
SDSS J172308.29+392455.2,1340852471567875584,CataclyV*
SDSS J020712.71-014116.2,2494386992562185088,CataclyV*
CRTS J004500.3+222708,2802955963006146176,CataclyV*
V* V872 Per,140033495973219712,CataclyV*
CRTS J082019.4+474732,930544698069767296,CataclyV*
CRTS J021110.2+171624,80208071871772416,CataclyV*
V* NY Ser,1263484034505616256,CataclyV*
ZTF J212324.45+394851.3,1965375973804679296,CataclyV*
SDSS J075507.69+143547.6,654539826068054400,CataclyV*
V* Z Cha,5210507882302442368,CataclyV*
SDSS J153023.64+220646.4,1214510510998076288,CataclyV*
CRTS J164950.4+035835,4386357538567811456,CataclyV*
V* EF Eri,5099482805904892288,CataclyV*
V* BV And,1943185527046658688,CataclyV*
CRTS J001538.3+263657,2856493142666940544,CataclyV*
OGLE BLG-DN-562,4062507108874876672,CataclyV*
CRTS J054558.3+022106,3223064065896252928,CataclyV*
SDSS J223352.57+225913.4,1875338547143938944,CataclyV*
CRTS J141712.0-180328,6296284346399727232,CataclyV*
OGLE BLG-DN-2,4056561946486729728,CataclyV*
V* V341 Ara,5818105674344768768,CataclyV*
V* BK Lyn,702296666944246784,CataclyV*
SDSS J011712.95+175527.0,2785769840349672960,CataclyV*
SDSS J035747.17-063850.7,3244886171956393600,CataclyV*
2MASS J23445279+4335261,1925529672407187712,CataclyV*
OGLE BLG-DN-255,4070238909048749568,CataclyV*
SDSS J082654.69-000733.1,3076891000074403328,CataclyV*
V* TV Col,2901783160488793728,CataclyV*
MASTER OT J212624.16+253827.2,1846629263455015680,CataclyV*
V* FO Per,250700853140894976,CataclyV*
OGLE BLG-ECL-321270,4064905070690374272,CataclyV*
V* HT Cas,426306363477869696,CataclyV*
V* LL And,2809168096329043712,CataclyV*
CRTS J102042.2-335002,5446810145342047104,CataclyV*
V* HY Eri,3213045827044899840,CataclyV*
V* ST Cha,5199087877799046272,CataclyV*
CRTS J212625.0+201946,1787328615638182656,CataclyV*
RX J0953.1+1458,616146181399718528,CataclyV*
V* TX Tri,303093922229116160,CataclyV*
MASTER OT J191906.08-180501.3,4084626735881763328,CataclyV*
OGLE BLG-DN-917,4052401085203677952,CataclyV*
SDSS J130527.72+390927.5,1523605151079140224,CataclyV*
LINEAR 3731074,3947303029263219712,CataclyV*
2MASS J23502114-3126582,2326327911567645056,CataclyV*
MASTER OT J001436.25+503240.3,394579405697456768,CataclyV*
CRTS J210820.6-134909,6885722737525959424,CataclyV*
USNO-B1.0 1568-00205185,2248871921597696256,CataclyV*
V* V495 Hya,3079207606650040320,CataclyV*
V* LX Ser,1209876314302933632,CataclyV*
ASASSN -14ag,3071240270519385856,CataclyV*
UCAC4 294-132895,4055879458925787520,CataclyV*
MASTER OT J200116.78+044142.6,4248191837973864064,CataclyV*
2MASS J04132921+3116279,166065705072038144,CataclyV*
ZTF18abtnfzy,1104502143552419456,CataclyV*
2QZ J142256.3-022108,3646450942524067072,CataclyV*
ATO J098.0545+25.6062,3384185396023552896,CataclyV*
2MASS J05160717-0008580,3221556772894356224,CataclyV*
UCAC4 634-017790,175052254122643328,CataclyV*
V* SW UMa,1030279027003254784,CataclyV*
V* V452 Lyr,2102994693123954304,CataclyV*
NSV 13904,1960750431463387264,CataclyV*
V* U Gem,674214551557961984,CataclyV*
V* V744 And,323321873867827968,CataclyV*
MASTER OT J174902.10+191331.2,4551442268815221120,CataclyV*
2MASS J05293090+2914162,3445906103292989824,CataclyV*
IGR J19267+1325,4316506492590546432,CataclyV*
2E  1224,552158697769217664,CataclyV*
V* KW And,338476648791904384,CataclyV*
V* EX Hya,6185040879503491584,CataclyV*
ZTF19aadqrmz,3109614703798504320,CataclyV*
Gaia DR3 3035296754374910976,3035296754374910976,CataclyV*
V* LQ Peg,1766838396116677248,CataclyV*
V* RY Ser,4138663368701798272,CataclyV*
V* V5580 Sgr,4051490002468668288,CataclyV*
V* V425 Cas,1996248233085177472,CataclyV*
V* V388 Peg,2725143108496515840,CataclyV*
SDSS J105550.08+095620.4,3867869700772424960,CataclyV*
V* OZ Dra,1666187138909384448,CataclyV*
CRTS J075713.8+222253,674296366391012736,CataclyV*
MASTER OT J210824.05+232829.0,1840112599772928512,CataclyV*
V* BL Hyi,4697621824327141248,CataclyV*
V* V516 Cyg,2066230155323606784,CataclyV*
V* OY Car,5242787486412627072,CataclyV*
ASASSN -13ce,87755532001646336,CataclyV*
V* CH UMa,1067083117158668800,CataclyV*
USNO-B1.0 1153-00521040,1841328827135694720,CataclyV*
2dFGRS TGS429Z114,2326333718363427072,CataclyV*
SDSS J153150.87+152446.2,1195436737330468608,CataclyV*
MASTER OT J082047.74+680423.3,1096830674830668800,CataclyV*
SDSS J091935.66+502825.2,1019022222662292864,CataclyV*
V* V393 Pav,6447773336193467520,CataclyV*
ASASSN -18dw,2998012693030909696,CataclyV*
V* DT Oct,6347097928386163072,CataclyV*
OGLE GD-DN-2,5253483050215786496,CataclyV*
TCP J20100517+1303006,1803110666252889856,CataclyV*
V* FL Cet,2507796391561705728,CataclyV*
ASASSN -19bh,5193113578288442240,CataclyV*
V* KQ Mon,3035322730338241792,CataclyV*
V* V1193 Ori,3221553165121825536,CataclyV*
USNO-B1.0 1144-00115322,3383649624622577152,CataclyV*
V* V654 Aur,898787739946740096,CataclyV*
V* V1711 Cyg,2163083415897032064,CataclyV*
CRTS CSS140903 J044529+173745,3406366604300407680,CataclyV*
OGLE BLG-ECL-81,4056194086781434752,CataclyV*
RX J0859.1+0537,583340808875713280,CataclyV*
SDSS J183131.64+420220.2,2111270034246759424,CataclyV*
V* V584 Lyr,2037573102742604544,CataclyV*
V* LV Cnc,587578670286348160,CataclyV*
2MASS J00353571+4623524,389180322567909888,CataclyV*
ASASSN -14eq,4918835764173746432,CataclyV*
V* LY Hya,6175970630128957568,CataclyV*
SDSS J080853.72+355053.7,906214223733883264,CataclyV*
ATO J023.8131+54.3186,409038567717305216,CataclyV*
SDSS J110706.77+340526.8,761302194669760256,CataclyV*
2MASS J23443957+4332588,1925528160578704512,CataclyV*
SDSS J160745.02+362320.7,1378159038537517312,CataclyV*
CRTS J224739.7-362254,6596144115305268224,CataclyV*
SDSS J131908.88+315832.0,1463559824653584512,CataclyV*
CRTS J074640.6+173412,668162873918693504,CataclyV*
2MASS J08125686+1911579,669503831427966080,CataclyV*
SDSS J134441.83+204408.3,1249384550225817856,CataclyV*
V* PQ Gem,3164551664840579200,CataclyV*
CRTS J101233.9+074651,3874163618862271360,CataclyV*
V* AB Dra,2291308397504739968,CataclyV*
2MASS J03451159+5335144,444083336189584128,CataclyV*
V* KQ Nor,5831717559618111616,CataclyV*
USNO-A2.0 1425-06939473,983991442900529920,CataclyV*
SDSS J125716.08+582501.2,1578799436498250368,CataclyV*
2MASS J23443976+4331586,1925527335944989568,CataclyV*
V* LT Eri,3197024400735832832,CataclyV*
2MASS J11292167-5355436,5348039989335089408,CataclyV*
MASTER OT J203937.54+213904.7,1818066219107246208,CataclyV*
SDSS J084358.08+425036.8,913594794319130368,CataclyV*
PM J12507+1549,3934459045528378368,CataclyV*
UCAC3 260-149285,2100480767163455360,CataclyV*
V* SS LMi,747774769969350528,CataclyV*
V* OU Vir,3650020648757787008,CataclyV*
CRTS J110014.7+131552,3968038512892514048,CataclyV*
SDSS J115207.00+404947.6,768139576446752000,CataclyV*
RX J1404.4+1723,1245262790370992256,CataclyV*
V* V3941 Sgr,4048120819532841728,CataclyV*
OGLE BLG-DN-808,4050823698384530944,CataclyV*
CRTS J131625.7-151313,3607799982071517952,CataclyV*
CRTS J173516.9+154708,4548977709199413760,CataclyV*
SDSS J004924.50+222617.9,2802295461460467072,CataclyV*
Gaia DR3 4368353340609239936,4368353340609239936,CataclyV*
2E   769,5168129581727355008,CataclyV*
FBS 0826-000,3076818333524786048,CataclyV*
USNO-A2.0 1575-02539528,1114160047532775552,CataclyV*
CRTS J103148.0+085224,3863986985912225280,CataclyV*
GALEX J172406.0+562004,1420761029600606592,CataclyV*
V* BY Aur,964305370104709248,CataclyV*
V* V1819 Cyg,2059638205176483712,CataclyV*
V* DO Dra,1074721664954807040,CataclyV*
ASASSN -14hl,6488289892999985280,CataclyV*
V* CK Vul,2027981169466476544,CataclyV*
V* QZ Lib,6318149711371454464,CataclyV*
CRTS J162806.2+065316,4439576375257512960,CataclyV*
ZTF21aapvkyy,2039201303359447040,CataclyV*
V* V367 Peg,2829723264346857088,CataclyV*
2QZ J130441.7+010330,3691014359251694848,CataclyV*
SDSS J115639.48+630907.7,860177774958213632,CataclyV*
V* DI Phe,6530347209195388032,CataclyV*
V* V396 Hya,3503987633230546688,CataclyV*
1RXS J064434.5+334451,938549555038057088,CataclyV*
USNO-B1.0 1282-00028758,370019472729399680,CataclyV*
V* V1309 Ori,3233813338246568448,CataclyV*
ASASSN -16jb,4066972397370395648,CataclyV*
OGLE MC-DN-26,4756527541310204672,CataclyV*
V* V776 And,1913454217232996736,CataclyV*
V* PX And,2807841432470056448,CataclyV*
MASTER OT J020337.92+510805.7,359347956469633792,CataclyV*
V* AM CVn,1519860699806445184,CataclyV*
2MASS J16344773-3454234,6020695124183575552,CataclyV*_Candidate
V* V1294 Tau,3297832265335277824,CataclyV*
NSV 12245,2048263448148836224,CataclyV*
CRTS J162209.6+360419,1329525856830867712,CataclyV*
NSV 12778,2060324266088977920,CataclyV*
2MASS J19292782+2020347,2017736641707652608,CataclyV*
PHL  2179,2657363477979129984,CataclyV*
V* EY Cyg,2034238902485581824,CataclyV*
HS 0220+0603,2517357336654841984,CataclyV*
CRTS J124602.0-202302,3503672730523124480,CataclyV*
SDSS J102905.24+485515.2,834947865750806272,CataclyV*
HS 0805+3822,908714959852556672,CataclyV*
OGLE BLG-DN-632,4050182919400069632,CataclyV*
MASTER OT J183007.03+764313.3,2269426363765201664,CataclyV*
MASTER OT J173618.08+752123.3,1655973607896450944,CataclyV*
V* RZ Leo,3799290858445023488,CataclyV*
CRTS J010550.1+190317,2785438676896241024,CataclyV*
CRTS J162830.8+240259,1299245787639918080,CataclyV*
RX J0525.3+2413,3416527191253144576,CataclyV*
2MASS J17124772+6046031,1437612007369245696,CataclyV*
SDSS J002842.53+311819.4,2859593555004235520,CataclyV*
OGLE BLG-DN-392,4062580943875648128,CataclyV*
MASTER OT J200357.07-183211.3,6867546435929841792,CataclyV*
V* SS Cyg,1972957892448494592,CataclyV*
V* RW Tri,130692247044752768,CataclyV*
SDSS J085117.04+184249.4,660056209046609152,CataclyV*
ASASSN -15ev,5194659693498442112,CataclyV*
2QZ J031130.9-315250,5057652057822489088,CataclyV*
V* GZ Cnc,590619751945633024,CataclyV*
V* QW Ser,1163811724898541440,CataclyV*
SDSS J083744.34+413338.7,911972671070820352,CataclyV*
LAMOST J072304.77+020437.4,3135760162593729792,CataclyV*
MASTER OT J211855.08+280314.9,1848076255119120384,CataclyV*
V* QS UMa,1018018235403653504,CataclyV*
V* V493 Lyr,2105732824971421312,CataclyV*
ZTF J195346.52+030004.4,4241883875351568128,CataclyV*
OGLE MC-DN-30,5261578037044804096,CataclyV*
USNO-B1.0 1397-00491066,1943116807570569216,CataclyV*
V* GY Cet,2477023401857408640,CataclyV*
2MAXI J0623-095,3003134493070803456,CataclyV*
MASTER OT J070315.49+174811.8,3361302085148076672,CataclyV*
SDSS J021107.98+305406.7,300540061660343040,CataclyV*
SDSS J093130.75+335651.2,797435239135183744,CataclyV*
GALEX J131954.4+591514,1566956008344163456,CataclyV*
V* V1084 Her,1326482511724121344,CataclyV*
CRTS J061753.9-362655,2885173972200577920,CataclyV*
V* IK Nor,5931832796260621440,CataclyV*
LBQS 1234+1642,3935303917135077120,CataclyV*
RX J0150.8+3326,305760371070111872,CataclyV*
RX J0838.7-2827,5645504991845223936,CataclyV*
OGLE BLG-DN-504,4062297548860233728,CataclyV*
SDSS J205227.38+034355.3,1734093874691078144,CataclyV*
V* FS Cet,2503828498910129664,CataclyV*
ZTF18abcxayn,2049668757132382720,CataclyV*
WISE J111217.37-353829.1,5400625369871788544,CataclyV*
V* V648 Ori,3288076745338819968,CataclyV*
V* HL Aqr,2679569936368095488,CataclyV*
SDSS J102517.94+430221.2,805007163398959360,CataclyV*
V* U Sco,6246188565119443072,CataclyV*
MASTER OT J222049.51-740240.9,6357953823299473280,CataclyV*
MASTER OT J191450.99-113234.7,4198379120827009024,CataclyV*
SDSS J085409.42+201339.0,660872630790269056,CataclyV*
OGLE BLG-DN-828,4050976736660087296,CataclyV*
CRTS J064729.3+495027,991033917955182976,CataclyV*
1RXH J082623.6-505741,5322561208237495296,CataclyV*
CRTS CSS090922 J032603+252534,69198760727204992,CataclyV*
2MASS J07341858-1706265,3027302235387850112,CataclyV*
2MASS J23375921+4308509,1925596502097065344,CataclyV*
SV* R     4,230780309488710016,CataclyV*
CRTS J000024.7+332543,2875039670446086016,CataclyV*
LAMOST J035913.61+405035.0,229960043749437952,CataclyV*
V* KU Cas,413100709127644800,CataclyV*
2MASS J06141230+1704321,3370207270339394304,CataclyV*
MASTER OT J174305.70+231107.8,4556514827048149504,CataclyV*
SDSS J125834.74+640823.1,1677083161701552000,CataclyV*
V* PU CMa,2923643719394227328,CataclyV*
V* UW Pic,4798833587650467200,CataclyV*
2MASS J01303186+6221324,510854753206972800,CataclyV*
SDSS J083845.23+491055.4,1014962001098647680,CataclyV*
CRTS J041138.6+232220,53682937968698880,CataclyV*
GALEX J100041.4+385303,803113190198180352,CataclyV*
CRTS J152351.2+083606,1163862882254665472,CataclyV*
V* V552 Aur,962484858022437632,CataclyV*
V* QS Tel,6684490840966796928,CataclyV*
V* EX Dra,2258357545848389888,CataclyV*
MASTER OT J221811.12+654219.9,2218642047686814208,CataclyV*
1RXS J072103.3-055854,3058167455227214208,CataclyV*
1RXS J221343.9+173301,1775458223681080576,CataclyV*
V* IS Del,1811659124333618944,CataclyV*
V* NS Per,271562333932151040,CataclyV*
CRTS J023638.0+111157,25217715795519872,CataclyV*
PB  7412,2606580678024447104,CataclyV*
OGLE BLG-DN-30,4058404105117788160,CataclyV*
USNO-B1.0 1303-00039367,338897830464807936,CataclyV*
V* FT Cam,463350318963210624,CataclyV*
V* V544 Her,4445459754597440000,CataclyV*
IGR J12123-5802,6071362166180368384,CataclyV*
SDSS J105905.07+272755.5,730389322175845248,CataclyV*
V* XZ Eri,5097770801875122432,CataclyV*
CRTS J233003.0+303300,2869854820286374016,CataclyV*
SDSS J210433.08-065517.3,6909529290275218688,CataclyV*
ASASSN -17if,2440833281571839872,CataclyV*
V* V524 Hya,3844106127759399808,CataclyV*
V* V516 Pup,5517905804146718592,CataclyV*
SDSS J160932.68+055044.6,4449776402888284288,CataclyV*
V* WY Sge,4323038622449845120,CataclyV*
V* SY Cap,6874902821553728768,CataclyV*
V* TU Tri,303768056000635776,CataclyV*
V* RU LMi,747013839203280000,CataclyV*
OGLE BLG-DN-673,4062941961644057216,CataclyV*
SDSS J210732.72-095659.3,6896296878289045888,CataclyV*
V* EN Cet,2541910801397761152,CataclyV*
CRTS J095652.0-331216,5435820290401866368,CataclyV*
CRTS MLS120223 J095322+094127,3878973187664739584,CataclyV*
V* KT Gem,3359663331786839424,CataclyV*
V* V592 Cas,421398311066127104,CataclyV*
ATO J016.9284+48.7552,401879681868136704,CataclyV*
SDSS J211936.96+033211.8,2692906015980924544,CataclyV*
CRTS J041455.7+215643,52575695398418816,CataclyV*
V* QU Car,5237745916371068160,CataclyV*
CRTS J090210.2-113032,5737067406753752960,CataclyV*
V* FY Per,260194758089758976,CataclyV*
AT 2016dsk,3501631418466882432,CataclyV*
PPMXL 276192295864105445,2233452336170027648,CataclyV*
CRTS J220031.2+033430,2695594867371617664,CataclyV*
LAMOST J052115.85+251331.7,3417582928575520768,CataclyV*
SDSS J105333.76+285033.6,731515737478665984,CataclyV*
V* GP CVn,1571768231438756864,CataclyV*
V* RW Sex,3769067109159364608,CataclyV*
UCAC4 791-022450,1060429594341535488,CataclyV*
SDSS J091127.36+084140.8,590408469622313344,CataclyV*
MASTER OT J072948.66+593824.4,1085880432371109888,CataclyV*
V* HP Cet,2500552912036565120,CataclyV*
SDSS J080701.10+554739.0,1033373117151731840,CataclyV*
V* PP Boo,1587569038162292736,CataclyV*
OGLE BLG-DN-652,4066064544356671232,CataclyV*
2MASS J23443470+4328100,1925515206957360512,CataclyV*
USNO-B1.0 1277-00605257,1955058878238482944,CataclyV*
OGLE BLG-DN-204,4041612642721318912,CataclyV*
OGLE BLG-DN-266,4070608516709144704,CataclyV*
V* V792 Cyg,2046438155765540864,CataclyV*
SDSS J002049.51+280020.2,2857063063352792320,CataclyV*
V* V728 CrA,5956624073383922688,CataclyV*
V* V368 Per,140118914282367488,CataclyV*
SDSS J075025.75+342034.0,882485113539539328,CataclyV*
ASASSN -15jd,4461525307402835328,CataclyV*
V* HS Vir,3618331314896034048,CataclyV*
2MASS J08135201+2813174,684088337774683520,CataclyV*
2MASS J17590860+1451309,4501373322484989952,CataclyV*
MASTER OT J151922.15+392537.5,1388703428063848192,CataclyV*
V* KY Eri,5167772343527624576,CataclyV*
SDSS J152717.95+543724.9,1599597141318244992,CataclyV*
V* DQ Her,2116226254706461568,CataclyV*
V* V1033 Cas,430446643235641472,CataclyV*
ASASSN -17il,2685309657647899904,CataclyV*
HBHA 4705-03,1963247113132725120,CataclyV*
2MASS J21033457+2341283,1839419422113114240,CataclyV*
CRTS J171222.0+321856,1334339278219282944,CataclyV*
IGR J16547-1916,4129079750474756480,CataclyV*
OGLE BLG-DN-258,4040846382101914752,CataclyV*
V* HW Boo,3741979368899159552,CataclyV*
V* V479 And,2876157251000218496,CataclyV*
PM J05587+0006,3218589019212024064,CataclyV*
SDSS J081408.42+090759.1,3098435415024773120,CataclyV*
V* AN UMa,782275761222286720,CataclyV*
V* V4738 Sgr,6680933641676624384,CataclyV*
SDSS J095151.80+471008.7,821807975948772608,CataclyV*
SDSS J143209.78+191403.4,1239185510431005440,CataclyV*
AT 2018asi,1994362428901101952,CataclyV*
Gaia DR3 6391430237216949248,6391430237216949248,CataclyV*
UCAC4 639-024690,187498038557202816,CataclyV*
OGLE BLG-DN-160,4068475601578830848,CataclyV*
V* V589 Her,1201107636054271744,CataclyV*
2MASS J07341868+2713095,872334525271909760,CataclyV*
ASASSN -17jf,6679016093396719360,CataclyV*
V* AL Com,3932951035266314496,CataclyV*
V* V433 Ara,5916893594339415936,CataclyV*
V* TT Tri,303221877895676672,CataclyV*
OGLE MC-DN-8,4693189173262371328,CataclyV*
SDSS J115030.59+404151.8,768134186262349568,CataclyV*
CRTS J223909.8+250331,1877138512102151424,CataclyV*
USNO-B1.0 1171-00355226,4585224931075337216,CataclyV*
V* V373 Cen,6132860737713212800,CataclyV*
V* V4332 Sgr,4079029779340685440,CataclyV*
FBS 0019+348,2864236144068661376,CataclyV*
SDSS J094759.82+061043.8,3853082918646343936,CataclyV*
SDSS J084026.15+220446.5,665231545856102400,CataclyV*
V* LN UMa,1066429869812792576,CataclyV*
PHL  1475,5166182896390285952,CataclyV*
SDSS J000844.33-014014.6,2544817841421994624,CataclyV*
SDSS J102239.06+194904.3,624711273900724864,CataclyV*
V* VW Vul,1844515452349537536,CataclyV*
CRTS J174714.3+150048,4500863084668459136,CataclyV*
SDSS J214140.43+050730.0,2698490156365025536,CataclyV*
V* MT Com,3958622291017334400,CataclyV*
SDSS J100932.15-020154.5,3829034331604273792,CataclyV*
V* GR Sgr,4053113908177988608,CataclyV*
V* IW And,376390390994395904,CataclyV*
MASTER OT J132104.04+560957.8,1565395908719728384,CataclyV*
2MASS J10313503-4626395,5365680794401390336,CataclyV*
PSO J337.1127+49.8212,1988156068027106304,CataclyV*
USNO-B1.0 1144-00296490,4535678703748771328,CataclyV*
V* UU Col,4826980874866320512,CataclyV*
CRTS J173447.0+371445,1342460545979935104,CataclyV*
CRTS J153015.0+094946,1165571939936731264,CataclyV*
2MASS J12222023+7503277,1692349953668515072,CataclyV*
V* V1208 Tau,3408324422192886528,CataclyV*
1RXS J062404.2+270403,3432659535094566144,CataclyV*
V* V529 Ori,3422837700803331584,CataclyV*
CRTS J035905.8+175034,49688618383635200,CataclyV*
2MASS J04292867+6040328,472332985365090176,CataclyV*
SDSS J093220.92+133122.2,617344855231732096,CataclyV*
CRTS J134014.9-350512,6164939367406725632,CataclyV*
V* EU UMa,4019704731785215360,CataclyV*
OGLE BLG-DN-676,4049889250894629376,CataclyV*
MASTER OT J162323.48+782603.3,1707635020719834880,CataclyV*
OGLE BUL-SC8   1184,4090964978080998784,CataclyV*
SDSS J162608.16+332827.7,1325655193647771008,CataclyV*
CRTS J154544.9+442830,1396642623570704384,CataclyV*
MASTER OT J191841.98+444914.5,2126960782432091648,CataclyV*
ASASSN -20jo,213300277925041920,CataclyV*
ATO J323.9971+05.4501,2699396467479492480,CataclyV*
OGLE BLG-DN-1047,4046375624020691456,CataclyV*
PG 1550+191,1203639265875666304,CataclyV*
V* HH Cnc,698627557985830912,CataclyV*
V* ES Dra,1616427198302006144,CataclyV*
V* YZ Cnc,683908812437792000,CataclyV*
CRTS SSS100505 J093417-174421,5678927740138611584,CataclyV*
OGLE GD-DN-9,5253629358293115904,CataclyV*
CRTS J033449.8-071048,3244090159897565952,CataclyV*
V* PY Per,141759351271651456,CataclyV*
2MASS J04570832+4527499,206311331046446080,CataclyV*
V* EG UMa,1548104507825815296,CataclyV*
ASASSN -14cc,6410161968280777472,CataclyV*
MASTER OT J220559.40-341434.9,6611621395028216192,CataclyV*
V* V1189 Her,1304296149486147584,CataclyV*
V* MQ Dra,1597621426298361216,CataclyV*
ATO J089.8611+45.3213,196726961201325568,CataclyV*
SDSS J213319.49+190154.4,1786211344321977984,CataclyV*
USNO-B1.0 1114-00563330,1793656274993164416,CataclyV*
OGLE BLG-ELL-12042,4062657359687091584,CataclyV*
OGLE BLG-DN-185,4055744219011209856,CataclyV*
V* GG Leo,3876618514794039040,CataclyV*
SDSS J204448.92-045928.8,6914363228723335296,CataclyV*
SDSS J145758.21+514807.9,1593786703401901952,CataclyV*
ZTF21abbxnbm,1840629335878988032,CataclyV*
V* CZ Ori,3345033985983457920,CataclyV*
CRTS J100515.4+191108,626719772406892288,CataclyV*
AX J1740.1-2847,4060167549961780096,CataclyV*
CRTS J084108.1+102537,601380942829431168,CataclyV*
V* V2527 Oph,4121989794604807808,CataclyV*
V* V1776 Cyg,2083145484587589632,CataclyV*
V* AC LMi,752316642050644992,CataclyV*
2XMM J074743.5-185654,5716106420173134976,CataclyV*
V* V395 Hya,3467271989337490176,CataclyV*
CRTS J230425.9+062546,2663767755253693568,CataclyV*
V* EZ Lyn,935056333580267392,CataclyV*
2MASS J14382831+8229397,1722377547503913856,CataclyV*
V* HL CMa,2947045278211416960,CataclyV*
RX J1557.3+1807,1202680251217734400,CataclyV*
V* V1504 Cyg,2125911337244477184,CataclyV*
V* V650 Peg,2715839109821203200,CataclyV*
CRTS J082603.7+113821,601203165542995072,CataclyV*
CRTS CSS130324 J150904+465057,1587913868200450048,CataclyV*
UCAC4 654-070282,2101336015413309696,CataclyV*
V* V834 Cen,6096905573613586944,CataclyV*
V* V811 Cyg,2047921053359656704,CataclyV*
UCAC4 316-011308,2899766827964264192,CataclyV*
SDSS J234226.21+324819.8,2871939764914510976,CataclyV*
ASASSN -15fo,6128933552758318592,CataclyV*
V* V358 Aqr,2632268220291434624,CataclyV*
V* KL Dra,2239471475135041664,CataclyV*
V* CD Ind,6453536224527716224,CataclyV*
V* HN Cyg,2026315271942842368,CataclyV*
2MASS J22503295+4457081,1935785195315496704,CataclyV*
HS 0642+5049,991644314411825536,CataclyV*
2MASS J20230038+0631424,4249755657041989376,CataclyV*
2MASS J03310820+4357503,241543295671247360,CataclyV*
1RXS J184543.6+622334,2157110559496069248,CataclyV*
SDSS J231330.83+165416.7,2818311909906928384,CataclyV*
V* TW Tri,315868494997271424,CataclyV*
ATO J119.6839+12.0315,3151064780336438656,CataclyV*
TCP J21040470+4631129,2163612727665972096,CataclyV*
CRTS J222724.5+284404,1882329723109880576,CataclyV*
ASASSN -17fo,3897111418674001408,CataclyV*
MASTER OT J155215.19+831424.4,1723791107141572608,CataclyV*
LINEAR 11685766,3653323684766790656,CataclyV*
SDSS J075107.50+300628.4,878968875354903040,CataclyV*
SDSS J010903.02+275010.0,307975955720964608,CataclyV*
V* BS Tri,107522105369340800,CataclyV*
RX J1007.5-2017,5667667675918226176,CataclyV*
SDSS J204643.27-000630.2,4227947904759422976,CataclyV*
2MASS J19551247+0045365,4240284979281473920,CataclyV*
Cl* NGC 7099    SAW V4,6816576061868051200,CataclyV*
BOKS 45906,2080472881056609024,CataclyV*
CRTS J080304.0+251628,681813727390427136,CataclyV*
GALEX J045400.1+622444,477829370972112000,CataclyV*
CRTS CSS130421 J172701+181421,4553374656199659264,CataclyV*
CRTS J033104.4+172540,54882432138422400,CataclyV*
ZTF J204844.69+193019.4,1814387802956119552,CataclyV*
V* CG CMa,2927639069777486464,CataclyV*
SDSS J192049.82+373637.4,2051097645515128192,CataclyV*
SDSS J124413.48+593610.2,1578229644661071360,CataclyV*
SDSS J084419.72+063950.4,595101189541288832,CataclyV*
V* KP Cas,427229437850544512,CataclyV*
CRTS J152857.9+034912,4428174160497320832,CataclyV*
V* NY Her,4596583508964035712,CataclyV*
V* V482 Cam,1108037726271701248,CataclyV*
V* V1247 Her,1309111357581001088,CataclyV*
CRTS J074400.5+415504,924188829370957824,CataclyV*
V* V434 Gem,878801779650368256,CataclyV*
CXOGlb J002407.7-720527,4689639193822059904,CataclyV*
V* QQ Vul,1833014187092198912,CataclyV*
RX J0425.6-5714,4775330422798414208,CataclyV*
LINEAR 13990545,1163201663448924544,CataclyV*
V* BV Pup,5710870820677041664,CataclyV*
V* VV Pup,5719598950133755392,CataclyV*
V* V515 And,378056288551565824,CataclyV*
ZTF J201452.61-011542.5,4223953344655923584,CataclyV*
V* V337 Cyg,2072678791044813440,CataclyV*
V* FV Cnc,660225916090501376,CataclyV*
V* V374 Lac,1934177606236303744,CataclyV*
V* V638 Her,1361343593034950016,CataclyV*
V* AG Aps,5792343494122867328,CataclyV*
V* BD Pav,6637401025693171200,CataclyV*
ZTF J063008.50+551737.3,997691559644734080,CataclyV*
OGLE BLG-DN-183,4057647095667630080,CataclyV*
V* EL UMa,774791621794667648,CataclyV*
OGLE MC-DN-16,4654758944077464192,CataclyV*
V* PW Vul,2025732152809113600,CataclyV*
PG 1230+226,3958687059123923584,CataclyV*
2MASS J10134589-2757579,5465738963863981824,CataclyV*
V* V355 UMa,1558322303741820928,CataclyV*
SDSS J121607.03+052013.9,3894428163622866304,CataclyV*
V* V405 Aur,216145985814483328,CataclyV*
CRTS CSS150708 J204247-095351,6903018566532551424,CataclyV*
CRTS J161304.4+012125,4411845455052776832,CataclyV*
ATO J081.0947+61.8337,286337708620373632,CataclyV*
V* DY Pup,5694324334608864896,CataclyV*
UCAC4 443-085347,4265260729570179840,CataclyV*
V* V747 Cyg,2180393267975159168,CataclyV*
V* V893 Sco,6039131391540808832,CataclyV*
DENIS J203137.5-000511,4229582917206160896,CataclyV*
ZTF18acgmwpt,979250589278461056,CataclyV*
V* V630 Cas,1944248097659113088,CataclyV*
V* V1237 Her,1353646217070728704,CataclyV*
SBSS 0755+600,1084309161535850368,CataclyV*
V* DM Dra,1603228248405352064,CataclyV*
CRTS J111721.9+520500,839265785353309056,CataclyV*
ATO J005.9853+42.7854,382202375099797888,CataclyV*
KPD 2032+5037,2180234530284226432,CataclyV*
CRTS J194037.6-472451,6659603532710863232,CataclyV*
2MASS J20431402+1536021,1762594276937620992,CataclyV*
2MASS J19293303-5603434,6640165468504197120,CataclyV*
V* DT Pyx,5634831718933218944,CataclyV*
V* V347 Pav,6414928454268212352,CataclyV*
V* FU Com,4008938936696803456,CataclyV*
SDSS J090744.63+463050.4,1011418309482280704,CataclyV*
SDSS J081207.64+131824.4,650594709629698304,CataclyV*
V* VW Hyi,4653893040002306432,CataclyV*
RX J2052.8-0239,6916720061963174016,CataclyV*
ATO J126.8594-06.4275,3064766376117338880,CataclyV*
ZTF18abobpds,6879257609158536960,CataclyV*
ASASSN -17gf,5256118446435933440,CataclyV*
3XMM J035517.9-822609,4616023664815517440,CataclyV*
ASASSN -15ry,183379886474766464,CataclyV*
CRTS J154428.1+335725,1370913536084434432,CataclyV*
V* V405 Peg,2838503311371673472,CataclyV*
MASTER OT J194955.17+455349.6,2080241605659275648,CataclyV*
ATO J103.1549+24.6061,3381302309033551360,CataclyV*
V* V3909 Sgr,4052397511790802560,CataclyV*
V* VZ Pyx,5652773897568243072,CataclyV*
2MASS J06000201+7751311,1116856943397040256,CataclyV*
CRTS J051922.9+155435,3393671398233326976,CataclyV*
V* QV Aqr,1729567357118146304,CataclyV*
CXOGBS J175107.6-294037,4056461714848807296,CataclyV*
OGLE BLG-DN-916,4066407420238679168,CataclyV*
SDSS J083038.51+404739.0,914867444668112256,CataclyV*
RX J0502.8+1624,3393408546234335488,CataclyV*
V* WX Hyi,4701058897674276736,CataclyV*
ASASSN -14ap,2923046581500882048,CataclyV*
V* V1113 Cyg,2139385126386829824,CataclyV*
EC 05147-5727,4763459034409242752,CataclyV*
V* HP Lib,6265476408553544320,CataclyV*
RX J1243.4+0256,3703726255561754880,CataclyV*
MASTER OT J231823.85+455358.5,1938192163707558400,CataclyV*
SDSS J005909.73+343835.7,362812689406164224,CataclyV*
V* V363 Lyr,2105585421693855744,CataclyV*
OGLE BLG-DN-655,4050414576982342016,CataclyV*
OGLE BLG-DN-729,4063054695925483520,CataclyV*
V* DP Pav,6437649346661368320,CataclyV*
CRTS CSS141117 J030930+263804,112541169793045120,CataclyV*
SDSS J091709.88+314307.5,701449321434522624,CataclyV*
V* V344 Lyr,2116887920191163776,CataclyV*
OGLE GD-DN-10,5254013946802626816,CataclyV*
SDSS J160111.52+091712.7,4454748295687814528,CataclyV*
[MTR2015] OW J174903.9-243720.4,4067688523051558400,CataclyV*
2MASS J06125506+2210136,3376955492893794048,CataclyV*
MASTER OT J075927.68-860929.5,5189803356797320064,CataclyV*
ASASSN -14mv,3367007627080317824,CataclyV*
V* TU Ind,6675614689752993152,CataclyV*
SDSS J012212.21+075546.8,2578454444735885056,CataclyV*
ASASSN -17el,4807754470945588096,CataclyV*
[ZEH2003] RX J1142.7+2157  2,3979631724840850560,CataclyV*
CRTS J011613.8+092216,2579604533898735104,CataclyV*
V* DY CMi,3144754786184932864,CataclyV*
SDSS J204827.91+005008.9,4228442478834563712,CataclyV*
2SLAQ J081418.92-005022.0,3071338844311737088,CataclyV*
ASASSN -14bq,3472136572375482496,CataclyV*
SDSS J090628.24+052656.9,580320897110564480,CataclyV*
SWIFT J0746.2-1611,5718979169177809920,CataclyV*
OGLE BLG-DN-131,4041762962392752896,CataclyV*
CRTS J091245.9-034916,5759752908615824128,CataclyV*
MASTER OT J204627.96+242218.0,1843255480744238080,CataclyV*
V* V359 Cen,5380310174561335296,CataclyV*
ATO J119.2035-12.7816,3036063148338139776,CataclyV*
V* MN Dra,2244648731797186688,CataclyV*
CRTS J091936.6-055519,5746417687996443136,CataclyV*
ZTF J174747.26+552917.8,1418364678367782016,CataclyV*
V* V529 Dra,2119954178943432064,CataclyV*
V* IU Leo,3867599701948235648,CataclyV*
SDSS J095835.92+281054.7,743252856601141888,CataclyV*
CD-48  3547,5514363005880904832,CataclyV*
V* V1315 Aql,4313192495850348544,CataclyV*
CRTS J000130.5+050624,2744979298990130944,CataclyV*
SDSS J123717.97+365535.2,1519559914656417920,CataclyV*
V* IZ And,376113107904573824,CataclyV*
MASTER OT J075450.18+091020.2,3147178109809800960,CataclyV*
SDSS J154459.83+464835.4,1398189185457847680,CataclyV*
1RXS J222335.6+074515,2710544484592654464,CataclyV*
OGLE GD-DN-12,5242006141663340416,CataclyV*
V* Z Cam,1123169888190445568,CataclyV*
[PBS2006] LQ Peg S9,1766838396116677504,CataclyV*
V* DW Cnc,667150159287327360,CataclyV*
V* BP Lyn,816563275420608384,CataclyV*
V* DI UMa,1013298268207936128,CataclyV*
SDSS J233512.11+495416.9,1943687209288919168,CataclyV*
V* V523 Lyr,2051105788768615040,CataclyV*
UCAC4 697-025541,249506646072771200,CataclyV*
USNO-A2.0 1650-00522197,561700809430671616,CataclyV*
SDSS J091425.64+540311.0,1022872716679007488,CataclyV*
CRTS J090852.2+071640,584027733060081024,CataclyV*
V* WX Cet,2355217815809560192,CataclyV*
GALEX J090403.5+035501,579909164365936512,CataclyV*
CRTS CSS160906 J160346+193540,1203263915795342336,CataclyV*
CRTS J152239.0+391350,1388827294919788032,CataclyV*
V* V426 Oph,4471872295941149056,CataclyV*
V* AX For,5067753236787919232,CataclyV*
SDSS J005657.57+320621.7,312918810242506624,CataclyV*
SDSS J094302.75+275807.5,648047068170272256,CataclyV*
V* WZ Sge,1809844934461976832,CataclyV*
V* DT Aps,5802328571527621760,CataclyV*
SDSS J140847.13+295045.0,1453111749770736256,CataclyV*
OGLE BLG-DN-771,4050003256565114624,CataclyV*
OGLE BLG-DN-822,4039269927095763840,CataclyV*
SDSS J155252.48+320150.9,1369702252228215168,CataclyV*
OGLE BLG-DN-512,4063123488252866560,CataclyV*
SDSS J130147.98+434549.4,1529416619788906624,CataclyV*
V* BR Lup,6002900490531164032,CataclyV*
SDSS J224303.82+221456.0,2836524396600372352,CataclyV*
CRTS J024048.5+195227,84846327313870592,CataclyV*
SDSS J135154.46-064309.0,3620363418542428416,CataclyV*
V* BV Cen,6064008494961785472,CataclyV*
PB  6108,2557191783935736448,CataclyV*
V* FS And,328643514443632768,CataclyV*
V* AY For,5069444152526439040,CataclyV*
SV* BV  1025,4616023630455778304,CataclyV*
OGLE BLG-DN-416,4056242229144515456,CataclyV*
SDSS J153634.42+332851.9,1370642265950491776,CataclyV*
OGLE BLG-DN-176,4070495404480194816,CataclyV*
CRTS J085603.8+322109,712763536603376512,CataclyV*
V* V498 Hya,581352651334960512,CataclyV*
ASASSN -13al,2260955176427908608,CataclyV*
SDSS J074859.55+312512.6,880821067114616832,CataclyV*
NSV   786,562431568049075712,CataclyV*
SDSS J094741.69+452415.7,821368171297757952,CataclyV*
OGLE BLG-DN-959,4049818263733743616,CataclyV*
V* KZ Gem,3358158718849806720,CataclyV*
V* QZ Vir,3800596876396315648,CataclyV*
CRTS J032627.3+070744,9906737205268736,CataclyV*
V* V537 Peg,1888844295145204480,CataclyV*
V* UU Aqr,2675351827511262720,CataclyV*
V* V4140 Sgr,6690782895038162304,CataclyV*
CRTS J220554.0+115554,2728239161441977216,CataclyV*
SDSS J032015.29+441059.3,242115144795227776,CataclyV*
V* WX LMi,755705822218381184,CataclyV*
SDSS J003640.29+230831.3,2805913271327662976,CataclyV*
2MASS J05181432+2941130,3446676070669830528,CataclyV*
SDSS J080934.78+121942.9,650080962821120000,CataclyV*
V* FV Lyn,1009443620958770048,CataclyV*
MASTER OT J042341.77+765237.0,551363888300347264,CataclyV*
IGR J17014-4306,5966150998003864960,CataclyV*
SDSS J140430.98+552558.5,1609460864427043072,CataclyV*
V* V2301 Oph,4476137370261520000,CataclyV*
V* CM Phe,4972697024889419520,CataclyV*
SDSS J012842.13+113050.4,2585586186391694592,CataclyV*
PM J11384+0619,3909559715659399808,CataclyV*
CRTS CSS130418 J174033+414756,1345790275209471488,CataclyV*
V* V347 Pup,5553468275089335040,CataclyV*
EM* StHA  176,6859282948915521664,CataclyV*
SDSS J004335.13-003729.8,2530961280492678528,CataclyV*
V* V406 Hya,5759005137629579136,CataclyV*
CRTS J105835.1+054706,3816231274612268544,CataclyV*
V* CS Ind,6396170751536790016,CataclyV*
V* V598 Peg,2819557935751631744,CataclyV*
MASTER OT J180312.78+114154.7,4495450498157403392,CataclyV*
CRTS J153817.3+512338,1595085299649674240,CataclyV*
V* FQ Mon,3052007681845053184,CataclyV*
V* CG Cep,2212077658329870208,CataclyV*
V* DV UMa,820959638305816448,CataclyV*
V* WW Cet,2427474150870397056,CataclyV*
2MASS J07155389+5816065,990324870394783360,CataclyV*
V* V704 And,1925516856226108416,CataclyV*
V* BG Ari,2576029647934945792,CataclyV*
OGLE MC-DN-6,4692382544045138304,CataclyV*
V* IY UMa,855167540988615296,CataclyV*
V* AK Cnc,604649859617712384,CataclyV*
MASTER OT J203824.15+174242.3,1812202974572856704,CataclyV*
SDSS J004849.86+332832.9,361363704879572736,CataclyV*
OGLE BLG-DN-643,4042877596540057984,CataclyV*
USNO-B1.0 1081-00087945,3395511435236009728,CataclyV*
1RXS J023238.8-371812,4953766320874344704,CataclyV*
SDSS J125834.77+663551.5,1678957558444645376,CataclyV*
SDSS J002243.55+061002.7,2747622177049417344,CataclyV*
ASASSN -14cv,1368447331503747968,CataclyV*
CRTS J215427.1+155714,1769748249344397312,CataclyV*
SDSS J130030.33+115101.2,3737180546103830144,CataclyV*
AX J1740.3-2904,4060143669944331648,CataclyV*
SDSS J083549.88+292637.0,704773999783239808,CataclyV*
CRTS J153832.8-151719,6265096218046967936,CataclyV*
CRTS J090350.7+330036,712480889099565696,CataclyV*
2MASS J23450124+4335548,1925529053931898624,CataclyV*
1RXS J044027.0+023300,3279388782412362624,CataclyV*
V* VZ Aqr,2684755714241156736,CataclyV*
UCAC3 201-165802,4482863941883637632,CataclyV*
2MASS J05243042+4244506,195266088206848768,CataclyV*
UCAC4 614-012400,169806552869700224,CataclyV*
SDSS J101335.56+393826.3,802734507224071936,CataclyV*
CRTS J003203.6+314510,2859621764350006784,CataclyV*
V* V803 Cen,6137049739573759872,CataclyV*
SDSS J082145.27+455923.4,930093722208184448,CataclyV*
2MASS J08384911-4831248,5329177523764942848,CataclyV*
V* BP CrA,6733050836430023552,CataclyV*
2MASS J07565311+0858319,3146975005100167296,CataclyV*
CRTS J051814.5-024503,3214173032620838144,CataclyV*
V* V1129 Cen,6132314520950881664,CataclyV*
V* AT Ara,5951780033133010176,CataclyV*
CRTS MLS140518 J124709-040758,3681743719587013248,CataclyV*
CRTS J060037.6-080945,3017843995848098048,CataclyV*
MASTER OT J211830.74+752621.9,2277555637344726400,CataclyV*
GALEX J041130.0+685350,490854563672917120,CataclyV*
V* V405 Vul,1826661449441904896,CataclyV*
2MASS J19245447+4322536,2126035410259715328,CataclyV*
SDSS J075939.79+191417.2,670122409797824000,CataclyV*
CRTS J074222.5+172807,671077782322909696,CataclyV*
ATO J075.5875+47.1955,207022199674484608,CataclyV*
OGLE GD-DN-4,5253505933820684544,CataclyV*
V* HU Leo,587316166180416640,CataclyV*
OGLE BLG-DN-485,4042030590367142784,CataclyV*
SDSS J103317.27+072118.5,3862789892627651840,CataclyV*
MASTER OT J193347.47+442455.5,2126408041623416064,CataclyV*
V* HK Leo,3971876285214587136,CataclyV*
2MASS J00412375+4114596,381275727313650944,CataclyV*
ASASSN -15aq,4920350474584208384,CataclyV*
ASASSN -14lk,6430343676008077696,CataclyV*
ASASSN -15ok,4707183143081508480,CataclyV*
V* V844 Her,1332378466733219456,CataclyV*
GD 552,2208124536065383424,CataclyV*
SDSS J092219.55+421256.7,817424772844576768,CataclyV*
V* FY Vul,1826189758928713216,CataclyV*
V* LL Lyr,2097903507608061440,CataclyV*
V* BY Cir,5874108818084122624,CataclyV*
V* V485 Cen,6156396643095102464,CataclyV*
V* EM Cyg,2032525446708555520,CataclyV*
2MASS J13202779+8749014,1728734889376343296,CataclyV*
CRTS J080307.0+284856,876378219800736768,CataclyV*
SDSS J093238.21+010902.5,3841337699215167232,CataclyV*
2MASS J10244207-4826427,5365035381081290496,CataclyV*
V* AW Sge,1820137772050526464,CataclyV*
SDSS J221814.05-005848.8,2677830440253389824,CataclyV*
V* V364 Lib,6231503182877393152,CataclyV*
V* VZ Scl,2337436792938619392,CataclyV*
CRTS CSS081030 J042434+001419,3254843452336623872,CataclyV*
V* CI UMa,1077645850489015936,CataclyV*
[KIU2009] OT J204222.3+271211,1856372727480854784,CataclyV*
V* V895 Cen,6106172669928936448,CataclyV*
V* IW Eri,5092046675621447552,CataclyV*
2MASS J19241081+4459348,2126637221076540544,CataclyV*
FASTT  762,4408131270415770496,CataclyV*
CRTS J104411.4+211307,3987650806740051712,CataclyV*
V* BE Oct,4684042885786567936,CataclyV*
V* EK UMa,849625139095603072,CataclyV*
V* TU Leo,637871951343657344,CataclyV*
NSV  2853,3426756085367010688,CataclyV*
FBS 0145+363,318552918277214080,CataclyV*
V* HV Vir,3688359000015020800,CataclyV*
V* HO Pup,3028303619908585216,CataclyV*
SDSS J210131.26+105251.5,1756642208180119040,CataclyV*
ZTF18abhqcfi,395377719857769856,CataclyV*
2MASS J09213414-5939068,5300221026057136896,CataclyV*
V* V493 Ser,4409581010854168064,CataclyV*
V* BW Scl,2307289214897332480,CataclyV*
V* DH Aql,4200218019655998720,CataclyV*
PG 1247+042,3705361680324471424,CataclyV*
V* GY Cnc,635508894697188864,CataclyV*
V* V348 Pup,5590218008142683520,CataclyV*
G 269-70,5034416735723964800,CataclyV*
V* V386 Ser,4406459119386466176,CataclyV*
V* V402 And,2861506395998660096,CataclyV*
V* V363 Aur,189506567123759360,CataclyV*
CRTS J130755.1-202628,3505925217531634432,CataclyV*
CRTS J124850.8-412654,6139930631836614400,CataclyV*
V* LS Peg,1768858645653683200,CataclyV*
V* TU Crt,3551116004427251328,CataclyV*
CRTS J075808.8+104344,3147451888206160896,CataclyV*
ZTF19aadtlkv,3617387482947791232,CataclyV*
PG 0818+513,1028258463932870656,CataclyV*
ASASSN -15mb,4949102295630055552,CataclyV*
V* BG Tri,305417430816953344,CataclyV*
V* EP Dra,2262055164796424576,CataclyV*
ASASSN -17kg,2749846901389046656,CataclyV*
SDSS J122808.73+454516.3,1541836947948009472,CataclyV*
CRTS J003500.0+273620,2857545615813275136,CataclyV*
V* V1147 Cen,6084816099669678464,CataclyV*
SDSS J121015.61+351334.9,4029016667559886080,CataclyV*
ZTF19aamfvdm,2910946352956440320,CataclyV*
2MASS J09492014+3555432,796361123650873856,CataclyV*
2MASS J06124927+1506419,3345661467822106624,CataclyV*
V* EG Lyn,931911249288264576,CataclyV*
OGLE BLG-DN-288,4056271739902172032,CataclyV*
CRTS J215815.3+094709,2725645692684615168,CataclyV*
PM J19270+4211,2101752244981853440,CataclyV*
V* PQ Aql,4304999622372178048,CataclyV*
ASASSN -17eq,1127016598339823232,CataclyV*
V* TU Men,4625018043590839424,CataclyV*
CRTS J173047.5+554518,1421247490480762752,CataclyV*
CRTS J161822.8-102500,4344174843685033344,CataclyV*
CRTS J124819.4+072050,3709667505297857920,CataclyV*
CRTS CSS131026 J024354-160314,5132953176802158976,CataclyV*
SDSS J101723.18+375343.4,754291266149306496,CataclyV*
MASTER OT J003831.10-640313.7,4708438991518618880,CataclyV*
V* FX Cep,2221753321994545920,CataclyV*
V* V884 Her,4503256687122329088,CataclyV*
VVV J173034.12-310607.0,4057953206583126400,CataclyV*
V* ER UMa,828036782335310848,CataclyV*
V* V977 Sco,4043500916577398272,CataclyV*
V* SY Vol,5222232185246885632,CataclyV*
CRTS J162520.3+120309,4459922356886052992,CataclyV*
2MASS J21543365+3550176,1949139691749510272,CataclyV*
SDSS J220321.37+144607.6,1768471991222468736,CataclyV*
HS 0139+0559,2562420855079002624,CataclyV*
IGR J18151-1052,4157018242163411200,CataclyV*
V* LR Nor,5928526152484537856,CataclyV*
SDSS J172601.96+543230.7,1419437320680556544,CataclyV*
CRTS J143145.3-355205,6118840143394213632,CataclyV*
V* CW Mon,3119646304291839872,CataclyV*
PB  7296,2612053222273626752,CataclyV*
V* EF Peg,1759321791033449472,CataclyV*
SDSS J160450.16+414328.6,1383342720466698240,CataclyV*
ASASSN -17gh,1068950981256317184,CataclyV*
INTEGRAL1  19,5935487817742197120,CataclyV*
EGB  4,1112772429499375488,CataclyV*
CRTS J073208.1+413009,924670003146928640,CataclyV*
SDSS J083754.64+564506.7,1034202286353947776,CataclyV*
V* V378 Peg,2868074058126513280,CataclyV*
SDSS J120841.96+355025.2,4029844634175275136,CataclyV*
CRTS CSS140629 J201637-103100,6881206699674571264,CataclyV*
LAMOST J070433.40+381926.4,947043346785218304,CataclyV*
MASTER OT J204243.79-461439.9,6674908627193185152,CataclyV*
CRTS J080846.2+313106,877832117769627904,CataclyV*
ASASSN -13cx,384460943781889024,CataclyV*
CRTS J172951.6+220808,4556859562598924032,CataclyV*
CRTS J231552.3+271037,2844956207676441728,CataclyV*
2MASS J16221246+3411473,1328757431346007680,CataclyV*
UGPS J194310.32+183851.8,1824417999012046208,CataclyV*
V* YZ LMi,798764346831516032,CataclyV*
2QZ J112555.7-001638,3797083726291435648,CataclyV*
V* IQ Eri,5078976609103251456,CataclyV*
LAMOST J075330.78+044555.7,3095470964175509632,CataclyV*
OGLE BLG-DN-587,4062506318667550720,CataclyV*
SDSS J115419.05+575750.9,845441772229861760,CataclyV*
V* EQ Mon,3049853463692535680,CataclyV*
ASASSN -15fu,3537929355317629184,CataclyV*
V* SW Sex,3828660708104028032,CataclyV*
NGC   104     2,4689639301195021312,CataclyV*
V* MN Lac,2001599246933459584,CataclyV*
V* TT Crt,3586245912034740736,CataclyV*
SV* SON  9364,2146590505258818944,CataclyV*
V* V436 Cen,5397102019219938944,CataclyV*
1RXS J152506.9-032647,4413778946245759360,CataclyV*
ASAS J102522-1542.4,3749056714792756352,CataclyV*
1H 1726-058,4361932643672982272,CataclyV*
V* V838 Mon,3107789548859766016,CataclyV*
V* V2069 Cyg,1970340955998528512,CataclyV*
ZTF18aavoyoq,2123864561983830400,CataclyV*
V* AE Aqr,4226332451596335616,CataclyV*
RX J2133.7+5107,2171623670612602496,CataclyV*
2MASS J07323341+7241408,1111086122258605952,CataclyV*
RX J1748.4+5050,1367700728748682880,CataclyV*
SDSS J012008.20+185715.5,2785962113150663424,CataclyV*
V* CY UMa,832942871937909632,CataclyV*
V* GS Cet,2537078211571341568,CataclyV*
SDSS J033328.47-000553.5,3263418371722667008,CataclyV*
SDSS J111446.65-135313.0,3564681087399787904,CataclyV*
V* V519 Ser,4413231423818141568,CataclyV*
2MASS J07493723+8844290,1152707550812993280,CataclyV*
LAMOST J033940.98+414805.7,237236302465043840,CataclyV*
SDSS J083751.00+383012.5,910285126880014720,CataclyV*
MASTER OT J235247.28+512650.4,1944212299110847360,CataclyV*
SDSS J010340.75+200525.9,2788762156951156864,CataclyV*
CRTS J215636.3+193242,1779860805677878144,CataclyV*
OGLE MC-DN-31,5269367797756084096,CataclyV*
USNO-B1.0 1036-00003917,2756091238377277440,CataclyV*
NGC  5139  6168,6083715419844694144,CataclyV*
GD 1662,2329317895999827840,CataclyV*
V* V709 Cas,428101969045877504,CataclyV*
LS  IV -08    3,4339398736975240192,CataclyV*
V* RZ LMi,795244943252669568,CataclyV*
V* V5627 Sgr,4063171660627749504,CataclyV*
AT 2018ala,3221338652978719360,CataclyV*
ASASSN -17kp,1760559222649419008,CataclyV*
V* V1040 Cen,5343601909428937216,CataclyV*
SDSS J093537.47+161950.8,619153448780495872,CataclyV*
SDSS J203311.77+134954.0,1804298409385593472,CataclyV*
SDSS J101421.55+063857.7,3873721404734233344,CataclyV*
V* MU Cen,6144624550055863296,CataclyV*
V* V2400 Oph,4112610784274894208,CataclyV*
V* KZ Cas,2009057028152548992,CataclyV*
CRTS J102637.0+475426,834461538014044288,CataclyV*
SDSS J223212.79+260725.1,1880505014843117696,CataclyV*
OGLE GD-DN-3,5251951327417642880,CataclyV*
OGLE BUL-SC35   3030,4062907945262319232,CataclyV*
PHL   140,2673817978726419200,CataclyV*
2MASS J22190022+2018313,1778468682222798080,CataclyV*
CRTS MLS110226 J105051+102134,3870945966802702080,CataclyV*
2QZ J222416.2-292421,6614555441807339904,CataclyV*
CRTS J132536.0+210037,1441538329030982144,CataclyV*
OGLE BLG-DN-698,4042982909126479232,CataclyV*
SDSS J095135.21+602939.6,1050668027031809280,CataclyV*
USNO-A2.0 0975-04801241,3156341508437149312,CataclyV*
SDSS J112003.40+663632.4,1057589384008637312,CataclyV*
OGLE BLG-DN-376,4062767070547321984,CataclyV*
V* HV Aur,198697045521704448,CataclyV*
OGLE MC-DN-32,5221627660009584896,CataclyV*
2MASS J15092601-6649232,5824408590411913856,CataclyV*
MASTER OT J210316.39+314913.6,1864753308197314048,CataclyV*
Gaia DR2 3040486032642934016,3040486032642934016,CataclyV*
V* RZ Gru,6544371342567818496,CataclyV*
V* V2176 Cyg,2139968318524093056,CataclyV*
CRTS CSS120812 J221823+344509,1905476122205217920,CataclyV*
V* LS Cam,498467552119786112,CataclyV*
PM J12192+2049,3952276665815698560,CataclyV*
TYC 3556-325-1,2128235773544310400,CataclyV*
V* FL Psc,2754909740118313344,CataclyV*
RX J0749.1-0549,3044263340416525568,CataclyV*
V* V1006 Cyg,2235124349761327232,CataclyV*
UCAC4 545-037393,3364837878322530816,CataclyV*
V* V2276 Sgr,6679051075906933888,CataclyV*
V* WZ CMa,5615990835581189504,CataclyV*
PTF 10zdi,94265942212979072,CataclyV*
V* EG Aqr,2438469709529193856,CataclyV*
V* OR And,1985702920142544896,CataclyV*
SDSS J143544.03+233638.7,1242828982729309952,CataclyV*
GALEX J170515.4+724402,1655084339211334016,CataclyV*
V* HX Peg,2764037271473043584,CataclyV*
V* TW Vir,3599772726850899712,CataclyV*
V* V591 Cen,6159094290578416896,CataclyV*
2MASS J22162188+7054156,2229621839519791872,CataclyV*
V* PV Per,333939449637095552,CataclyV*
SDSS J001231.54+280011.1,2859847683924640384,CataclyV*
CRTS J212025.1+194157,1788747608410690432,CataclyV*
OGLE BLG-DN-470,4062479586776778880,CataclyV*
OGLE BLG-DN-947,4049701990390740352,CataclyV*
OGLE BLG-DN-923,4050672584245158528,CataclyV*
OGLE GD-DN-29,5337895207849791360,CataclyV*
NSV 25747,1945903966465599232,CataclyV*
V* HY Lup,5898781618479432064,CataclyV*
V* IR Com,3955313418148878080,CataclyV*
1RXS J231909.9+331544,1910583495451438720,CataclyV*
Cl* NGC 6637    SAW V5,4045058580921976960,CataclyV*
ZTF19acecitx,2912325277974933376,CataclyV*
EC 21147-6437,6401799112903799168,CataclyV*
V* DV Sco,6033070058836761088,CataclyV*
SDSS J073605.07+182709.8,672172522242684800,CataclyV*
2XMM J131223.4+173659,3937217307886601088,CataclyV*
SDSS J061542.50+642647.9,1008311368796276352,CataclyV*
OGLE GD-DN-27,5338027046207190656,CataclyV*
V* BI Ori,3222072856163838976,CataclyV*
1RXS J211336.1+542226,2176555392574688768,CataclyV*
MASTER OT J020623.07+504444.8,358573316166942848,CataclyV*
CRTS J210846.4-035031,6912759105682151424,CataclyV*
V* UZ For,5084805635638179584,CataclyV*
V* AI Tri,300427537812198656,CataclyV*
NSV  4618,5665509162794290944,CataclyV*
PB  5937,2541012985729960960,CataclyV*
SDSS J091242.17+620940.1,1040150781699159680,CataclyV*
V* KK Tel,6474328397430602112,CataclyV*
V* EI UMa,1014839031890550912,CataclyV*
PTF1 J071912.13+485834.0,976672298935524480,CataclyV*
V* MR UMa,772038105376131456,CataclyV*
MCT 2347-3144,2326333512204996992,CataclyV*
SDSS J155037.27+405440.0,1383764490550797824,CataclyV*
1RXS J173006.4+033813,4388955680247178624,CataclyV*
CRTS J113950.6+455818,785986539950983296,CataclyV*
V* BX Pup,5698588863483876096,CataclyV*
V* KS UMa,851753282506891776,CataclyV*
V* IP Peg,2824150286583562496,CataclyV*
V* V587 Lyr,2051158011273705216,CataclyV*
MASTER OT J070027.31+552951.6,999954702468200960,CataclyV*
SDSS J101323.65+455858.8,810195694346871808,CataclyV*
RX J2015.6+3711,2060630720576718336,CataclyV*
MASTER OT J212510.71+333141.4,1854967272444846592,CataclyV*
USNO-B1.0 1021-00697450,1755528677780535552,CataclyV*
PHL  1445,5171137394568701184,CataclyV*
LAMOST J063440.10+140156.3,3355671456041735808,CataclyV*
1H 1025+220,721859001729641216,CataclyV*
MASTER OT J062954.27+253911.7,3384197490651560704,CataclyV*
Gaia DR2 1956566510538468224,1956566510538468224,CataclyV*
LAMOST J021633.89+251346.5,105877442132967168,CataclyV*
SDSS J132856.72+310846.0,1468492341192110848,CataclyV*
V* BB Ari,126928996700556928,CataclyV*
1RXS J022917.1-395851,4951395327129718528,CataclyV*
V* FO Aql,4263985119919228800,CataclyV*
SDSS J133309.20+143706.9,3741755132951336192,CataclyV*
CRTS J072210.7+260255,871085613204882560,CataclyV*
V* IX Dra,2257709040148720640,CataclyV*
HS 1857+5144,2134077749400112128,CataclyV*
2MASS J04221780+3342153,175789953409742848,CataclyV*
LBQS 1437-0053,3649832043858197376,CataclyV*
CRTS CSS150512 J175608+265535,4583701768172146944,CataclyV*
SDSS J080142.37+210345.7,670872860843747072,CataclyV*
NSV   870,5170455456841377408,CataclyV*
SDSS J003719.29-215714.3,2350094778818982016,CataclyV*
SDSS J092229.25+330743.5,702007319289982336,CataclyV*
CRTS J100658.4+233724,630384204143715328,CataclyV*
V* OV Boo,1593140224924964864,CataclyV*
CRTS J090016.7+343928,713695132190090112,CataclyV*
GSC2.3 N1UU020345,1808325920475979008,CataclyV*
SDSS J215433.96+235400.3,1795185111551606016,CataclyV*
2MASS J23444957+4328079,1925516443907947776,CataclyV*
SDSS J161853.16+303845.5,1319026547281204480,CataclyV*
V* MY Per,246357610414037376,CataclyV*
2MASS J07420823-1049326,3040161784089380480,CataclyV*
2MASS J19225714+4204297,2101933153305731584,CataclyV*
KUV 07589+4019,921311411737108480,CataclyV*
RX J1400.6+5723,1658224789234521600,CataclyV*
V* QY Per,239753286440516608,CataclyV*
CRTS J160419.0+161549,1199129584573929984,CataclyV*
V* VW CrB,1323332342191466112,CataclyV*
V* PU UMa,1012556991212091008,CataclyV*
CRTS J084127.4+210054,664538372493738752,CataclyV*
MASTER OT J070505.34+260809.5,883096437708284800,CataclyV*
SDSS J163620.62+472442.3,1410251583929439744,CataclyV*
V* AA Vir,3662513128073681024,CataclyV*
V* AR Cnc,700436735649429376,CataclyV*
V* AQ Men,4622567476987430400,CataclyV*
V* MR Per,248452695459090816,CataclyV*
OGLE BLG-DN-333,4044058643848009088,CataclyV*
LINEAR 15351491,1222867765738898560,CataclyV*
MASTER OT J032250.48+423103.2,240977214682797312,CataclyV*
GALEX J194419.3+491257,2134854421221423616,CataclyV*
MASTER OT J131320.24+692649.1,1685668904405604480,CataclyV*
SDSS J003303.94+380105.4,366989291698397824,CataclyV*
2MASS J09253483+4349179,817673885243718272,CataclyV*
SDSS J140453.98-102702.1,3614573802627605632,CataclyV*
CRTS J050124.1+203818,3408997392029195904,CataclyV*
V* CM Del,1815021160316471808,CataclyV*
2MASS J03313145+4356484,238541010451518976,CataclyV*
V* V1838 Aql,4306244746253355776,CataclyV*
HS 2325+8205,2287476977438712576,CataclyV*
PB   195,806057025204204032,CataclyV*
SDSS J075117.00+100016.2,3150339377539742336,CataclyV*
ASASSN -13cl,1800410845504429696,CataclyV*
V* QR And,2800287654443977344,CataclyV*
SV* HV  6907,3400871176465742592,CataclyV*
SDSS J014121.21+062007.6,2562434457240098432,CataclyV*
V* V418 Ser,4421706661304665472,CataclyV*
ZTF19abugzba,4286804148027753600,CataclyV*
V* AT Cnc,679528804789642240,CataclyV*
CRTS CSS160528 J162350-121731,4331466855796298240,CataclyV*
V* V729 Sgr,6769204324939596672,CataclyV*
V* V1052 Cyg,2183465990654947584,CataclyV*
GALEX J080710.3+485300,934578664497649280,CataclyV*
[FKC2012] LRa02a2 14200,3102360293579101824,CataclyV*
USNO-B1.0 1702-00041084,1133235406043102720,CataclyV*
RX J1946.2-0444,4209508995987201920,CataclyV*
V* BO Cet,2494281851762928512,CataclyV*
SDSS J150137.22+550123.4,1612331959869359872,CataclyV*
SDSS J161030.35+445901.7,1386167468917461376,CataclyV*
SDSS J173102.21+342633.1,1335522795110752384,CataclyV*
V* BG CMi,3161562367602419328,CataclyV*
MASTER OT J085854.16-274030.7,5648063761555460736,CataclyV*
SDSS J212406.75+010029.6,2691114426208274176,CataclyV*
V* PQ Ser,1217195037356631680,CataclyV*
1RXS J211805.2-341343,6782793537041886464,CataclyV*
V* BF Ara,5948618632304703360,CataclyV*
V* V1060 Cyg,1868798617634638592,CataclyV*
1RXS J171935.6-410054,5959894875620104064,CataclyV*
CRTS J073817.7+285519,878597549661945984,CataclyV*
V* U Leo,3887280272890504832,CataclyV*
CRTS J080941.4+171528,656835533331241472,CataclyV*
USNO-A2.0 1275-15792989,1964564156254371072,CataclyV*
V* IR Gem,3386289728137230976,CataclyV*
Cl* NGC 2682   SAND     628,604964083721158656,CataclyV*
CRTS J094325.8+520128,1020121493772472704,CataclyV*
SDSS J133615.76+380933.4,1475606486364775552,CataclyV*
RE J1002-19,5670829935783719936,CataclyV*
V* IN CMa,5604890028746727552,CataclyV*
SDSS J092918.90+622346.2,1064002487440866688,CataclyV*
OGLE BLG-DN-918,4050571497850924544,CataclyV*
ASASSN -15ka,4498718178005288064,CataclyV*
SDSS J083931.34+282823.9,704464491556726912,CataclyV*
RX J0636.3+6554,1104056493449217280,CataclyV*
RX J1853.1+5945,2155490364688727168,CataclyV*
V* V1172 Sgr,4118780045338797952,CataclyV*
V* TV Crv,3519860496622195072,CataclyV*
MASTER OT J195210.21-614104.9,6442045846981808000,CataclyV*
OGLE BLG-DN-625,4062832117660128256,CataclyV*
1RXS J194151.4+752621,2289161218797635328,CataclyV*
V* GO Com,3958581402928688768,CataclyV*
MASTER OT J202157.69+212919.4,1829087895466777600,CataclyV*
SDSS J230813.57+254341.1,2843638610493150976,CataclyV*
V* DM Cap,2618370049719441920,CataclyV*
MASTER OT J081110.46+660008.5,1095091732769497088,CataclyV*
LAMOST J030531.06+231815.0,109962849384628096,CataclyV*
V* PQ And,337940224558062080,CataclyV*
SDSS J210842.62+084429.9,1743295309545913728,CataclyV*
V* KO Vel,5407327747940309248,CataclyV*
SDSS J085623.00+310834.0,711875745387165696,CataclyV*
2MASS J02064454-0212167,2494259139975904768,CataclyV*
V* AP CrB,1223491257550872192,CataclyV*
SDSS J125609.83+623704.3,1676508087056380544,CataclyV*
SDSS J155538.13+380250.7,1373544697473750272,CataclyV*
SDSS J080534.49+072029.1,3097732002461148672,CataclyV*
CRTS J081030.6+002429,3083738831507510272,CataclyV*
SDSS J200615.50+103951.5,4300547145714039808,CataclyV*
SDSS J120231.01+450349.1,1539493368978351104,CataclyV*
ASASSN -18rg,2685503760105453568,CataclyV*
SDSS J163618.34-011506.1,4382373591326393600,CataclyV*
V* FN And,321009394756982784,CataclyV*
V* HV And,387544008745199360,CataclyV*
V* OV Dra,1679210927155357952,CataclyV*
OGLE BLG-DN-36,4061338946498272512,CataclyV*
2MASS J23032578+5649164,2009795758224609024,CataclyV*
AX J1832.3-0840,4156576169758148096,CataclyV*
MASTER OT J190519.41+301524.4,2040949943465818880,CataclyV*
CRTS J204258.8-003353,4227860051204034048,CataclyV*
SDSS J054525.20+833144.1,558413402804945920,CataclyV*
SDSS J074431.42+482630.4,933777159176254208,CataclyV*
ASASSN -14cl,1796893134146598144,CataclyV*
V* V392 Hya,5453215457704376064,CataclyV*
OGLE BLG-DN-478,4044160039418292096,CataclyV*
CRTS J161027.6+090739,4453218973793773824,CataclyV*
ASASSN -17kc,6464064147147735296,CataclyV*
V* V611 Her,4563219790691190912,CataclyV*
ZTF20aabowdt,3055456364490506496,CataclyV*
ASASSN -16pm,52564077511652992,CataclyV*
V* V610 Her,4565943658949606400,CataclyV*
1RXS J042608.9+354151,176429285061830144,CataclyV*
SDSS J113215.51+624900.3,862957679655169536,CataclyV*
V* AM Her,2123837555230207744,CataclyV*
V* V1296 Tau,3272647401745330048,CataclyV*
PNV J21581852+2419246,1795553134413009408,CataclyV*
CRTS J163120.9+103134,4458774810347862528,CataclyV*
SDSS J173008.38+624754.7,1440078211950524544,CataclyV*
2MASS J07334625+2619260,871705840847650432,CataclyV*
2MASS J10395999-4701261,5366164442080271232,CataclyV*
MASTER OT J213806.60+261957.0,1800384942558699008,CataclyV*
2MASS J15321369+3701046,1375610271801084032,CataclyV*
V* KX Aql,4318147612458990464,CataclyV*
V* BE UMa,786919754746647424,CataclyV*
V* HS Cam,1101817445394854400,CataclyV*
ASASSN -15aw,359302331032532352,CataclyV*
ZTF18acujsfl,3232736778924258176,CataclyV*
V* X Leo,613187537342908928,CataclyV*
V* V759 Sgr,4063728425759334528,CataclyV*
V* EF Tuc,4707482485122305536,CataclyV*
V* ST LMi,3996419759863758592,CataclyV*
V* HU Aqr,6911950900211768704,CataclyV*
OGLE BLG-DN-585,4062911041955893376,CataclyV*
[GHE2001] W32,4689639266845495936,CataclyV*
V* BI Lyn,720167888423082624,CataclyV*
V* BS Sgr,4051895962776230656,CataclyV*
V* BF Eri,3201141899983079296,CataclyV*
2QZ J124058.0-015920,3683277061567168000,CataclyV*
SDSS J233705.01+314149.4,2871487075361158400,CataclyV*
V* HM Leo,3854288674880283264,CataclyV*
V* SV CMi,3141492569543716096,CataclyV*
V* V391 Lyr,2109013763369060480,CataclyV*
OGLE BLG-DN-493,4065991495582915968,CataclyV*
USNO-B1.0 1209-00561869,1897069432394591232,CataclyV*
SDSS J122021.18+565456.7,1574499830637256448,CataclyV*
V* AF Cam,450120823257496832,CataclyV*
LAMOST J065737.99+222348.2,3379987121328323328,CataclyV*
ASASSN -15tx,341384547809990144,CataclyV*
OGLE GD-DN-32,5334729297284064000,CataclyV*
V* V542 Cyg,2235768113813831936,CataclyV*
V* PT Per,454808969042727168,CataclyV*
MASTER OT J192757.03+404042.8,2053481146203100032,CataclyV*
CRTS J090150.0+375444,718795560472821888,CataclyV*
CRTS J073339.3+212201,865345406593708160,CataclyV*
ZTF J021919.78+462345.1,353846172081048960,CataclyV*
CRTS J131514.4+424747,1526259170286476544,CataclyV*
Gaia DR3 6909438962819026560,6909438962819026560,CataclyV*
SDSS J202520.13+762222.4,2290150160788017024,CataclyV*
V* V336 Per,236433276722417152,CataclyV*
V* EQ Lyn,927255749553754880,CataclyV*
ASASSN -14ho,5284478837031269120,CataclyV*
ASASSN -15aa,3550216672635101184,CataclyV*
CRTS J022137.8-261952,5117190960359055360,CataclyV*
UCAC3 131-193943,4113269391741808384,CataclyV*
V* UY Pup,3036572359661885056,CataclyV*
USNO-A2.0 1050-05645203,657070867476702720,CataclyV*
CRTS J005824.6+283304,310969174262902912,CataclyV*
USNO-A2.0 1350-05105569,206310064032652672,CataclyV*
SDSS J083621.87+044624.3,3092474447094236416,CataclyV*
V* V3914 Sgr,4049388865676433152,CataclyV*
ASASSN -15kf,6208862073803254016,CataclyV*
CRTS J232619.4+282650,2868928481740258176,CataclyV*
PG 0911-066,5745881603063095680,CataclyV*
PTF1 J191905.19+481506.2,2129445472552941952,CataclyV*
PSO J231.9060-20.8847,6252119330839755264,CataclyV*
ASASSN -15ee,2893813689756294912,CataclyV*
V* V808 Aur,950114317120915840,CataclyV*
SDSS J093839.26+534403.8,1021254918466332160,CataclyV*
V* VY Aqr,6896767366186700416,CataclyV*
V* AC Cnc,602285226719526784,CataclyV*
1RXS J064725.3+491539,990916128476988928,CataclyV*
SDSS J214354.60+124458.0,1767199173369655424,CataclyV*
Gaia DR3 4393660804037754752,4393660804037754752,CataclyV*
2MASS J05474096+3926578,191487822656334208,CataclyV*
2MASS J09400257+2749420,647867748990767616,CataclyV*
SDSS J104245.15+371819.8,751777469035821312,CataclyV*
ZTF J100847.34+712103.0,1077511538271752192,CataclyV*
RX J0131.4+3602,319016667370280064,CataclyV*
SDSS J210014.12+004446.0,1729491319015998208,CataclyV*
CRTS CSS130419 J132918-121622,3610187502851486976,CataclyV*
EC 10566-3120,5450463483179719168,CataclyV*
V* V598 Pup,5565582591127646336,CataclyV*
SDSS J205518.83-162640.4,6883089952637951488,CataclyV*
V* FL TrA,5830252082394573056,CataclyV*
V* UU Aql,4192167185053426560,CataclyV*
USNO-B1.0 1415-00155281,262686320156108288,CataclyV*
V* T Pyx,5628258258606112768,CataclyV*
Gaia DR3 1089774112282843264,1089774112282843264,CataclyV*
GALEX J051949.6+642921,479934630799062656,CataclyV*
2MASS J09440940-5617117,5307787074808526592,CataclyV*
SDSS J234502.47+342923.9,2878205989054948864,CataclyV*
V* IL Leo,720694618916104576,CataclyV*
SDSS J212617.60+192320.0,1787138125250282880,CataclyV*
SDSS J104325.06+563258.1,854029477734712064,CataclyV*
SDSS J022319.72-052002.3,2489505809474839680,CataclyV*
SDSS J120615.73+510047.0,1548430890981046272,CataclyV*
OGLE BLG-DN-841,4050506210166866560,CataclyV*
LAMOST J182212.67+163708.7,4522161823191350272,CataclyV*
V* BY Cam,283187642167998720,CataclyV*
OGLE BLG-DN-692,4064875834875618432,CataclyV*
V* V2491 Cyg,2033300327537067264,CataclyV*
CRTS CSS101108 J054711-192525,2966949664181554048,CataclyV*
V* V1239 Her,1313538545446290688,CataclyV*
ATO J349.8768+26.2551,2844608590203675136,CataclyV*
V* V345 Pav,6446553054381996544,CataclyV*
SDSS J160501.35+203056.8,1205022962601053312,CataclyV*
SDSS J090947.82+110636.9,592059145810439808,CataclyV*
KUV 16081+2229,1205683464147877120,CataclyV*
CRTS J162718.4+120435,4459936440084462464,CataclyV*
V* DE Cnc,662849075957031680,CataclyV*
V* KT Per,405873692214746368,CataclyV*
V* V960 Sco,4043969480291337216,CataclyV*
EC 23212-7757,6353389608797074176,CataclyV*
ASASSN -15po,2802676377815198080,CataclyV*
V* IK Leo,725355964102177920,CataclyV*
PNV J23052314-0225455,2638348863190251136,CataclyV*
SDSS J001133.71+045122.4,2742129944670172928,CataclyV*
SDSS J204720.76+000007.6,4227956460334694272,CataclyV*
V* IM Eri,5091939988633728640,CataclyV*
SDSS J085113.44+344448.5,716349868656120320,CataclyV*
ASASSN -13bs,2096274276193099136,CataclyV*
CRTS J032855.0+052253,3275721498815710464,CataclyV*
MASTER OT J192328.22+612413.5,2240268204454173312,CataclyV*
ASASSN -17ew,5856328340662932096,CataclyV*
V* V1159 Ori,3210749947983249408,CataclyV*
OGLE-2002-BLG-360,4056310673719347712,CataclyV*
2MASS J18583091+4914326,2132186284460008832,CataclyV*
CRTS J152730.7+181727,1208845792732400512,CataclyV*
USNO-B1.0 1360-00297059,2107190949188337408,CataclyV*
EC 21178-5417,6463668670854493952,CataclyV*
GALEX J004527.5+503215,414816050347695872,CataclyV*
PPMXL 2431202680279124324,4877265084954805504,CataclyV*
CRTS SSS130312 J140311-240135,6275283326417605632,CataclyV*
Gaia DR3 2238460783433624832,2238460783433624832,CataclyV*
V* V1285 Cyg,2047846595811591936,CataclyV*
CRTS J025612.9-103359,5160968320761289472,CataclyV*
PM J03338+3320,220706553887988864,CataclyV*
CRTS J221009.9+185418,1778078561752634624,CataclyV*
GALEX J211258.7+242145,1840588993247840768,CataclyV*
2MASS J21073673+3402280,1867096848503346176,CataclyV*
V* CC Cet,15207693216816512,CataclyV*
SDSS J211652.28+014144.3,2692060074926640000,CataclyV*
V* V466 And,346718965911341056,CataclyV*
SDSS J080449.49+161624.8,655188018235294208,CataclyV*
V* RU Peg,2727974767550030080,CataclyV*
PTF1 J094329.59+102957.6,612782706610999552,CataclyV*
UCAC3 172-158515,4176399299256927488,CataclyV*
RX J0649.8-0737,3099139244207211520,CataclyV*
SDSS J001912.58+220733.0,2800340564145444352,CataclyV*
SDSS J105754.25+275947.5,730651486979234560,CataclyV*
