z_lo,z_hi,wave_rest,flux_norm,err_norm,n_contrib
2.0,2.4,1050.0,1.619551,0.217225,1267
2.0,2.4,1051.0,1.317885,0.224438,1299
2.0,2.4,1052.0,1.503878,0.190866,1352
2.0,2.4,1053.0,1.598508,0.227655,1394
2.0,2.4,1054.0,1.766672,0.205858,1443
2.0,2.4,1055.0,1.62336,0.178585,1486
2.0,2.4,1056.0,1.820527,0.181371,1533
2.0,2.4,1057.0,1.589224,0.198296,1581
2.0,2.4,1058.0,1.88918,0.164648,1633
2.0,2.4,1059.0,1.620067,0.159004,1682
2.0,2.4,1060.0,1.644306,0.148478,1729
2.0,2.4,1061.0,1.324652,0.167663,1781
2.0,2.4,1062.0,1.512495,0.179594,1861
2.0,2.4,1063.0,1.438534,0.165774,1914
2.0,2.4,1064.0,1.669197,0.145241,1963
2.0,2.4,1065.0,1.406478,0.149687,2020
2.0,2.4,1066.0,1.419242,0.152186,2082
2.0,2.4,1067.0,1.666192,0.145787,2122
2.0,2.4,1068.0,1.505721,0.161492,2162
2.0,2.4,1069.0,1.551778,0.143207,2198
2.0,2.4,1070.0,1.430399,0.171683,2237
2.0,2.4,1071.0,1.33981,0.138632,2297
2.0,2.4,1072.0,1.657064,0.149911,2350
2.0,2.4,1073.0,1.219437,0.140445,2397
2.0,2.4,1074.0,1.517555,0.128772,2448
2.0,2.4,1075.0,1.348232,0.13247,2487
2.0,2.4,1076.0,1.561685,0.137468,2534
2.0,2.4,1077.0,1.573698,0.12022,2581
2.0,2.4,1078.0,1.47854,0.131667,2623
2.0,2.4,1079.0,1.327404,0.140572,2660
2.0,2.4,1080.0,1.333271,0.117792,2700
2.0,2.4,1081.0,1.214169,0.124221,2740
2.0,2.4,1082.0,1.571182,0.130741,2783
2.0,2.4,1083.0,1.428259,0.117964,2833
2.0,2.4,1084.0,1.354089,0.12442,2891
2.0,2.4,1085.0,1.379913,0.118364,2944
2.0,2.4,1086.0,1.572748,0.108281,3005
2.0,2.4,1087.0,1.176649,0.111646,3045
2.0,2.4,1088.0,1.133044,0.126536,3098
2.0,2.4,1089.0,1.326129,0.114051,3154
2.0,2.4,1090.0,1.374581,0.101132,3198
2.0,2.4,1091.0,1.60096,0.107396,3251
2.0,2.4,1092.0,1.422899,0.109021,3293
2.0,2.4,1093.0,1.484966,0.102204,3338
2.0,2.4,1094.0,1.37224,0.125213,3383
2.0,2.4,1095.0,1.400939,0.096197,3425
2.0,2.4,1096.0,1.191778,0.093014,3456
2.0,2.4,1097.0,1.399366,0.098062,3492
2.0,2.4,1098.0,1.252712,0.110589,3532
2.0,2.4,1099.0,1.288786,0.103413,3551
2.0,2.4,1100.0,1.349148,0.093379,3576
2.0,2.4,1101.0,1.33473,0.101241,3620
2.0,2.4,1102.0,1.452581,0.090782,3660
2.0,2.4,1103.0,1.380234,0.088556,3677
2.0,2.4,1104.0,1.191435,0.084884,3704
2.0,2.4,1105.0,1.313399,0.100272,3738
2.0,2.4,1106.0,1.114248,0.085643,3771
2.0,2.4,1107.0,1.136384,0.094143,3820
2.0,2.4,1108.0,1.142221,0.096405,3846
2.0,2.4,1109.0,1.252569,0.086176,3868
2.0,2.4,1110.0,1.315037,0.084627,3908
2.0,2.4,1111.0,1.204274,0.097326,3935
2.0,2.4,1112.0,1.271703,0.094291,3958
2.0,2.4,1113.0,1.255722,0.109822,3994
2.0,2.4,1114.0,1.231068,0.087802,4025
2.0,2.4,1115.0,1.187408,0.078981,4049
2.0,2.4,1116.0,1.194509,0.081284,4079
2.0,2.4,1117.0,1.168708,0.089975,4114
2.0,2.4,1118.0,1.186491,0.095925,4146
2.0,2.4,1119.0,1.106465,0.087263,4176
2.0,2.4,1120.0,1.065509,0.077067,4207
2.0,2.4,1121.0,1.134641,0.076066,4233
2.0,2.4,1122.0,1.129422,0.077086,4263
2.0,2.4,1123.0,1.137577,0.079879,4302
2.0,2.4,1124.0,1.194057,0.077928,4332
2.0,2.4,1125.0,1.157976,0.074665,4353
2.0,2.4,1126.0,1.263943,0.081156,4367
2.0,2.4,1127.0,1.230322,0.078448,4388
2.0,2.4,1128.0,1.082135,0.078662,4411
2.0,2.4,1129.0,1.141071,0.076646,4423
2.0,2.4,1130.0,1.308392,0.074977,4439
2.0,2.4,1131.0,1.102913,0.078814,4456
2.0,2.4,1132.0,1.092733,0.068432,4485
2.0,2.4,1133.0,1.170013,0.077268,4520
2.0,2.4,1134.0,1.119331,0.080928,4553
2.0,2.4,1135.0,1.093741,0.075009,4578
2.0,2.4,1136.0,1.197862,0.082853,4611
2.0,2.4,1137.0,1.230889,0.094142,4639
2.0,2.4,1138.0,1.259074,0.076989,4649
2.0,2.4,1139.0,1.181635,0.071015,4664
2.0,2.4,1140.0,1.093832,0.085767,4685
2.0,2.4,1141.0,1.154241,0.070148,4718
2.0,2.4,1142.0,0.992348,0.066207,4742
2.0,2.4,1143.0,1.048085,0.069322,4767
2.0,2.4,1144.0,1.061387,0.07658,4793
2.0,2.4,1145.0,1.110547,0.070509,4806
2.0,2.4,1146.0,1.033274,0.064288,4824
2.0,2.4,1147.0,1.155235,0.065144,4847
2.0,2.4,1148.0,1.084278,0.061685,4867
2.0,2.4,1149.0,1.099357,0.065386,4889
2.0,2.4,1150.0,0.992559,0.063457,4908
2.0,2.4,1151.0,1.020331,0.061919,4918
2.0,2.4,1152.0,0.966548,0.057989,4934
2.0,2.4,1153.0,1.059398,0.060609,4942
2.0,2.4,1154.0,1.004404,0.062381,4968
2.0,2.4,1155.0,0.992266,0.069056,4981
2.0,2.4,1156.0,0.94303,0.070867,4990
2.0,2.4,1157.0,1.023613,0.062691,5000
2.0,2.4,1158.0,0.949576,0.063903,5000
2.0,2.4,1159.0,0.928136,0.060635,5000
2.0,2.4,1160.0,0.953723,0.058575,5000
2.0,2.4,1161.0,0.997569,0.057478,5000
2.0,2.4,1162.0,1.016427,0.0566,5000
2.0,2.4,1163.0,0.985387,0.065796,5000
2.0,2.4,1164.0,1.010725,0.054226,5000
2.0,2.4,1165.0,1.076427,0.068104,5000
2.0,2.4,1166.0,1.030061,0.058414,5000
2.0,2.4,1167.0,0.964817,0.059877,5000
2.0,2.4,1168.0,0.952203,0.067471,5000
2.0,2.4,1169.0,0.924643,0.055615,5000
2.0,2.4,1170.0,0.964508,0.061524,5000
2.0,2.4,1171.0,0.878986,0.053021,5000
2.0,2.4,1172.0,0.919814,0.065621,5000
2.0,2.4,1173.0,0.91647,0.05835,5000
2.0,2.4,1174.0,0.872352,0.053241,5000
2.0,2.4,1175.0,0.774769,0.051919,5000
2.0,2.4,1176.0,0.957058,0.052561,5000
2.0,2.4,1177.0,0.952959,0.058227,5000
2.0,2.4,1178.0,0.960313,0.051025,5000
2.0,2.4,1179.0,1.025508,0.060316,5000
2.0,2.4,1180.0,1.001475,0.050211,5000
2.0,2.4,1181.0,0.946387,0.05817,5000
2.0,2.4,1182.0,0.889174,0.053248,5000
2.0,2.4,1183.0,0.869208,0.05956,5000
2.0,2.4,1184.0,0.834703,0.052445,5000
2.0,2.4,1185.0,0.855769,0.049741,5000
2.0,2.4,1186.0,0.79326,0.06322,5000
2.0,2.4,1187.0,0.818486,0.049854,5000
2.0,2.4,1188.0,0.711896,0.053637,5000
2.0,2.4,1189.0,0.807945,0.052859,5000
2.0,2.4,1190.0,0.777001,0.049561,5000
2.0,2.4,1191.0,0.7209,0.04877,5000
2.0,2.4,1192.0,0.683794,0.059925,5000
2.0,2.4,1193.0,0.870641,0.051863,5000
2.0,2.4,1194.0,0.939015,0.049369,5000
2.0,2.4,1195.0,0.890952,0.05264,5000
2.0,2.4,1196.0,0.911404,0.061729,5000
2.0,2.4,1197.0,0.875505,0.064888,5000
2.0,2.4,1198.0,0.891055,0.057586,5000
2.0,2.4,1199.0,0.798784,0.06137,5000
2.0,2.4,1200.0,0.671243,0.049828,5000
2.0,2.4,1201.0,0.525274,0.053887,5000
2.0,2.4,1202.0,0.460682,0.051514,5000
2.0,2.4,1203.0,0.478993,0.050571,5000
2.0,2.4,1204.0,0.474398,0.045781,5000
2.0,2.4,1205.0,0.474994,0.05598,5000
2.0,2.4,1206.0,0.442486,0.045406,5000
2.0,2.4,1207.0,0.432676,0.047347,5000
2.0,2.4,1208.0,0.478603,0.055268,5000
2.0,2.4,1209.0,0.580442,0.057512,5000
2.0,2.4,1210.0,0.535027,0.050281,5000
2.0,2.4,1211.0,0.710333,0.053636,5000
2.0,2.4,1212.0,1.0942,0.050267,5000
2.0,2.4,1213.0,2.647786,0.064451,5000
2.0,2.4,1214.0,7.843149,0.118245,5000
2.0,2.4,1215.0,17.148445,0.27383,5000
2.0,2.4,1216.0,14.753016,0.206175,5000
2.0,2.4,1217.0,5.254147,0.095334,5000
2.0,2.4,1218.0,1.672342,0.049459,5000
2.0,2.4,1219.0,0.751721,0.055438,5000
2.0,2.4,1220.0,0.595845,0.045444,5000
2.0,2.4,1221.0,0.522477,0.049049,5000
2.0,2.4,1222.0,0.580711,0.043227,5000
2.0,2.4,1223.0,0.587422,0.043329,5000
2.0,2.4,1224.0,0.514814,0.054558,5000
2.0,2.4,1225.0,0.624656,0.042365,5000
2.0,2.4,1226.0,0.554856,0.04936,5000
2.0,2.4,1227.0,0.564298,0.050093,5000
2.0,2.4,1228.0,0.53923,0.047054,5000
2.0,2.4,1229.0,0.524215,0.042257,5000
2.0,2.4,1230.0,0.576254,0.052839,5000
2.0,2.4,1231.0,0.677354,0.043736,5000
2.0,2.4,1232.0,0.841335,0.047573,5000
2.0,2.4,1233.0,0.768817,0.04445,5000
2.0,2.4,1234.0,0.848983,0.053096,5000
2.0,2.4,1235.0,0.793591,0.050696,5000
2.0,2.4,1236.0,0.762145,0.055232,5000
2.0,2.4,1237.0,0.845659,0.043894,5000
2.0,2.4,1238.0,0.785502,0.046244,5000
2.0,2.4,1239.0,0.820544,0.044998,5000
2.0,2.4,1240.0,0.909385,0.047009,5000
2.0,2.4,1241.0,0.858836,0.043559,5000
2.0,2.4,1242.0,0.850088,0.049834,5000
2.0,2.4,1243.0,0.90169,0.042874,5000
2.0,2.4,1244.0,0.837393,0.041221,5000
2.0,2.4,1245.0,0.846813,0.053114,5000
2.0,2.4,1246.0,0.918494,0.040941,5000
2.0,2.4,1247.0,0.803615,0.052459,5000
2.0,2.4,1248.0,0.789424,0.042047,5000
2.0,2.4,1249.0,0.880463,0.041319,5000
2.0,2.4,1250.0,0.907009,0.038814,5000
2.0,2.4,1251.0,0.759408,0.042696,5000
2.0,2.4,1252.0,0.895392,0.042104,5000
2.0,2.4,1253.0,0.806435,0.046672,5000
2.0,2.4,1254.0,0.830624,0.045158,5000
2.0,2.4,1255.0,0.814584,0.049651,5000
2.0,2.4,1256.0,0.784842,0.037972,5000
2.0,2.4,1257.0,0.713757,0.037759,5000
2.0,2.4,1258.0,0.715444,0.039308,5000
2.0,2.4,1259.0,0.643477,0.047467,5000
2.0,2.4,1260.0,0.808714,0.040181,5000
2.0,2.4,1261.0,0.886289,0.03973,5000
2.0,2.4,1262.0,0.919471,0.044187,5000
2.0,2.4,1263.0,0.866333,0.045169,5000
2.0,2.4,1264.0,0.9786,0.037608,5000
2.0,2.4,1265.0,0.913276,0.045395,5000
2.0,2.4,1266.0,0.903856,0.042388,5000
2.0,2.4,1267.0,0.88016,0.047446,5000
2.0,2.4,1268.0,0.893133,0.042067,5000
2.0,2.4,1269.0,0.916088,0.037594,5000
2.0,2.4,1270.0,0.892582,0.046967,5000
2.0,2.4,1271.0,0.859678,0.053378,5000
2.0,2.4,1272.0,0.918994,0.03636,5000
2.0,2.4,1273.0,0.883425,0.03659,5000
2.0,2.4,1274.0,0.877243,0.037725,5000
2.0,2.4,1275.0,0.86647,0.049191,5000
2.0,2.4,1276.0,0.869313,0.042782,5000
2.0,2.4,1277.0,0.804233,0.03814,5000
2.0,2.4,1278.0,0.809495,0.040655,5000
2.0,2.4,1279.0,0.885079,0.04315,5000
2.0,2.4,1280.0,0.870614,0.046367,5000
2.0,2.4,1281.0,0.855825,0.038272,5000
2.0,2.4,1282.0,0.881083,0.041828,5000
2.0,2.4,1283.0,0.914129,0.04051,5000
2.0,2.4,1284.0,0.795383,0.039412,5000
2.0,2.4,1285.0,0.835753,0.035537,5000
2.0,2.4,1286.0,0.854758,0.04284,5000
2.0,2.4,1287.0,0.867739,0.039428,5000
2.0,2.4,1288.0,0.916381,0.04143,5000
2.0,2.4,1289.0,0.838455,0.035133,5000
2.0,2.4,1290.0,0.819162,0.046942,5000
2.0,2.4,1291.0,0.863662,0.039022,5000
2.0,2.4,1292.0,0.932526,0.041244,5000
2.0,2.4,1293.0,0.814142,0.042874,5000
2.0,2.4,1294.0,0.788078,0.040848,5000
2.0,2.4,1295.0,0.777488,0.037693,5000
2.0,2.4,1296.0,0.812959,0.037086,5000
2.0,2.4,1297.0,0.761438,0.038486,5000
2.0,2.4,1298.0,0.830162,0.035952,5000
2.0,2.4,1299.0,0.764635,0.039884,5000
2.0,2.4,1300.0,0.658671,0.037525,5000
2.0,2.4,1301.0,0.636102,0.034983,5000
2.0,2.4,1302.0,0.752601,0.041831,5000
2.0,2.4,1303.0,0.868002,0.045539,5000
2.0,2.4,1304.0,0.840059,0.045289,5000
2.0,2.4,1305.0,0.902328,0.043792,5000
2.0,2.4,1306.0,0.842807,0.047015,5000
2.0,2.4,1307.0,0.850336,0.037385,5000
2.0,2.4,1308.0,0.952707,0.034338,5000
2.0,2.4,1309.0,0.917021,0.044979,5000
2.0,2.4,1310.0,0.834052,0.043806,5000
2.0,2.4,1311.0,0.833457,0.036908,5000
2.0,2.4,1312.0,0.822228,0.040205,5000
2.0,2.4,1313.0,0.887601,0.038409,5000
2.0,2.4,1314.0,0.838392,0.036012,5000
2.0,2.4,1315.0,0.83308,0.046094,5000
2.0,2.4,1316.0,0.919516,0.037036,5000
2.0,2.4,1317.0,0.786912,0.035405,5000
2.0,2.4,1318.0,0.802277,0.042596,5000
2.0,2.4,1319.0,0.829012,0.035187,5000
2.0,2.4,1320.0,0.845425,0.032328,5000
2.0,2.4,1321.0,0.784951,0.032073,5000
2.0,2.4,1322.0,0.7533,0.033809,5000
2.0,2.4,1323.0,0.891286,0.04185,5000
2.0,2.4,1324.0,0.79957,0.034132,5000
2.0,2.4,1325.0,0.780954,0.038474,5000
2.0,2.4,1326.0,0.783587,0.037464,5000
2.0,2.4,1327.0,0.724816,0.033453,5000
2.0,2.4,1328.0,0.792482,0.041268,5000
2.0,2.4,1329.0,0.721752,0.038443,5000
2.0,2.4,1330.0,0.787438,0.041207,5000
2.0,2.4,1331.0,0.729239,0.04588,5000
2.0,2.4,1332.0,0.652693,0.040515,5000
2.0,2.4,1333.0,0.632011,0.037399,5000
2.0,2.4,1334.0,0.835544,0.041145,5000
2.0,2.4,1335.0,0.903431,0.043563,5000
2.0,2.4,1336.0,0.762331,0.040735,5000
2.0,2.4,1337.0,0.755502,0.040653,5000
2.0,2.4,1338.0,0.812636,0.040602,5000
2.0,2.4,1339.0,0.757096,0.035657,5000
2.0,2.4,1340.0,0.83164,0.040928,5000
2.0,2.4,1341.0,0.763136,0.03461,5000
2.0,2.4,1342.0,0.75242,0.033535,5000
2.0,2.4,1343.0,0.721289,0.038053,5000
2.0,2.4,1344.0,0.78086,0.040945,5000
2.0,2.4,1345.0,0.784396,0.043222,5000
2.0,2.4,1346.0,0.850558,0.039886,5000
2.0,2.4,1347.0,0.852519,0.037216,5000
2.0,2.4,1348.0,0.823907,0.035606,5000
2.0,2.4,1349.0,0.794416,0.039982,5000
2.0,2.4,1350.0,0.808006,0.038622,5000
2.0,2.4,1351.0,0.799476,0.037074,5000
2.0,2.4,1352.0,0.760735,0.0407,5000
2.0,2.4,1353.0,0.716954,0.036663,5000
2.0,2.4,1354.0,0.752893,0.035869,5000
2.0,2.4,1355.0,0.735031,0.031303,5000
2.0,2.4,1356.0,0.697299,0.03557,5000
2.0,2.4,1357.0,0.738756,0.032984,5000
2.0,2.4,1358.0,0.706152,0.031925,5000
2.0,2.4,1359.0,0.684492,0.03906,5000
2.0,2.4,1360.0,0.741277,0.032645,5000
2.0,2.4,1361.0,0.738257,0.039352,5000
2.0,2.4,1362.0,0.78211,0.033988,5000
2.0,2.4,1363.0,0.778737,0.036064,5000
2.0,2.4,1364.0,0.716155,0.032956,5000
2.0,2.4,1365.0,0.729433,0.033828,5000
2.0,2.4,1366.0,0.744869,0.033197,5000
2.0,2.4,1367.0,0.6532,0.034198,5000
2.0,2.4,1368.0,0.721191,0.035771,5000
2.0,2.4,1369.0,0.774842,0.036376,5000
2.0,2.4,1370.0,0.781002,0.036205,5000
2.0,2.4,1371.0,0.731394,0.044262,5000
2.0,2.4,1372.0,0.739356,0.032868,5000
2.0,2.4,1373.0,0.766816,0.033688,5000
2.0,2.4,1374.0,0.714689,0.036434,5000
2.0,2.4,1375.0,0.734414,0.03162,5000
2.0,2.4,1376.0,0.683676,0.036551,5000
2.0,2.4,1377.0,0.694852,0.03225,5000
2.0,2.4,1378.0,0.719974,0.031845,5000
2.0,2.4,1379.0,0.694843,0.038102,5000
2.0,2.4,1380.0,0.730964,0.033862,5000
2.0,2.4,1381.0,0.697629,0.037297,5000
2.0,2.4,1382.0,0.695092,0.034579,5000
2.0,2.4,1383.0,0.673829,0.030564,5000
2.0,2.4,1384.0,0.707925,0.037791,5000
2.0,2.4,1385.0,0.719112,0.035598,5000
2.0,2.4,1386.0,0.675832,0.030946,5000
2.0,2.4,1387.0,0.716197,0.03068,5000
2.0,2.4,1388.0,0.695977,0.031453,5000
2.0,2.4,1389.0,0.691305,0.03176,5000
2.0,2.4,1390.0,0.635889,0.031892,5000
2.0,2.4,1391.0,0.645721,0.030984,5000
2.0,2.4,1392.0,0.621687,0.035515,5000
2.0,2.4,1393.0,0.71623,0.040203,5000
2.0,2.4,1394.0,0.675099,0.033832,5000
2.0,2.4,1395.0,0.708932,0.035651,5000
2.0,2.4,1396.0,0.710102,0.032206,5000
2.0,2.4,1397.0,0.680045,0.037316,5000
2.0,2.4,1398.0,0.650778,0.036123,5000
2.0,2.4,1399.0,0.650231,0.034858,5000
2.0,2.4,1400.0,0.728412,0.039625,5000
2.0,2.4,1401.0,0.657683,0.032428,5000
2.0,2.4,1402.0,0.684224,0.034461,5000
2.0,2.4,1403.0,0.743141,0.03084,5000
2.0,2.4,1404.0,0.765487,0.037169,5000
2.0,2.4,1405.0,0.678776,0.030729,5000
2.0,2.4,1406.0,0.755903,0.03065,5000
2.0,2.4,1407.0,0.742898,0.031762,5000
2.0,2.4,1408.0,0.691063,0.032932,5000
2.0,2.4,1409.0,0.709707,0.031254,5000
2.0,2.4,1410.0,0.665903,0.032775,5000
2.0,2.4,1411.0,0.685452,0.036071,5000
2.0,2.4,1412.0,0.715187,0.036604,5000
2.0,2.4,1413.0,0.691011,0.038172,5000
2.0,2.4,1414.0,0.724702,0.032902,5000
2.0,2.4,1415.0,0.664089,0.034449,5000
2.0,2.4,1416.0,0.674758,0.03507,5000
2.0,2.4,1417.0,0.73064,0.029748,5000
2.0,2.4,1418.0,0.642835,0.041674,5000
2.0,2.4,1419.0,0.656337,0.036409,5000
2.0,2.4,1420.0,0.699401,0.02995,5000
2.0,2.4,1421.0,0.66982,0.041614,5000
2.0,2.4,1422.0,0.669647,0.036782,5000
2.0,2.4,1423.0,0.707773,0.034059,5000
2.0,2.4,1424.0,0.70313,0.036926,5000
2.0,2.4,1425.0,0.696227,0.037855,5000
2.0,2.4,1426.0,0.692432,0.033298,5000
2.0,2.4,1427.0,0.643447,0.033518,5000
2.0,2.4,1428.0,0.714991,0.032801,5000
2.0,2.4,1429.0,0.675048,0.034117,5000
2.0,2.4,1430.0,0.708012,0.034777,5000
2.0,2.4,1431.0,0.728781,0.033388,5000
2.0,2.4,1432.0,0.7174,0.033578,5000
2.0,2.4,1433.0,0.714576,0.030346,5000
2.0,2.4,1434.0,0.64984,0.031446,5000
2.0,2.4,1435.0,0.74197,0.03712,5000
2.0,2.4,1436.0,0.706225,0.037652,5000
2.0,2.4,1437.0,0.670713,0.029215,5000
2.0,2.4,1438.0,0.687904,0.029385,5000
2.0,2.4,1439.0,0.697765,0.029689,5000
2.0,2.4,1440.0,0.688767,0.034059,5000
2.0,2.4,1441.0,0.736785,0.035003,5000
2.0,2.4,1442.0,0.752604,0.031833,5000
2.0,2.4,1443.0,0.68509,0.032077,5000
2.0,2.4,1444.0,0.658705,0.029478,5000
2.0,2.4,1445.0,0.671315,0.033244,5000
2.0,2.4,1446.0,0.689071,0.035521,5000
2.0,2.4,1447.0,0.680978,0.030917,5000
2.0,2.4,1448.0,0.717896,0.032866,5000
2.0,2.4,1449.0,0.650195,0.0349,5000
2.0,2.4,1450.0,0.676118,0.029657,5000
2.0,2.4,1451.0,0.641659,0.033771,5000
2.0,2.4,1452.0,0.691269,0.033467,5000
2.0,2.4,1453.0,0.679531,0.030643,5000
2.0,2.4,1454.0,0.700321,0.033522,5000
2.0,2.4,1455.0,0.718284,0.033369,5000
2.0,2.4,1456.0,0.730538,0.033202,5000
2.0,2.4,1457.0,0.660434,0.03141,5000
2.0,2.4,1458.0,0.695286,0.033094,5000
2.0,2.4,1459.0,0.704087,0.031594,5000
2.0,2.4,1460.0,0.66675,0.031477,5000
2.0,2.4,1461.0,0.695757,0.035853,5000
2.0,2.4,1462.0,0.667864,0.034075,5000
2.0,2.4,1463.0,0.668528,0.032359,5000
2.0,2.4,1464.0,0.675651,0.029376,5000
2.0,2.4,1465.0,0.651845,0.030653,5000
2.0,2.4,1466.0,0.676577,0.034857,5000
2.0,2.4,1467.0,0.6567,0.037688,5000
2.0,2.4,1468.0,0.730657,0.033167,5000
2.0,2.4,1469.0,0.722144,0.029618,5000
2.0,2.4,1470.0,0.678465,0.032448,5000
2.0,2.4,1471.0,0.658923,0.033395,5000
2.0,2.4,1472.0,0.629485,0.033982,5000
2.0,2.4,1473.0,0.687202,0.031614,5000
2.0,2.4,1474.0,0.72017,0.030684,5000
2.0,2.4,1475.0,0.670801,0.031959,5000
2.0,2.4,1476.0,0.686572,0.030433,5000
2.0,2.4,1477.0,0.692162,0.032028,5000
2.0,2.4,1478.0,0.626873,0.029114,5000
2.0,2.4,1479.0,0.644688,0.02885,5000
2.0,2.4,1480.0,0.703577,0.035195,5000
2.0,2.4,1481.0,0.707302,0.038258,5000
2.0,2.4,1482.0,0.676043,0.03114,5000
2.0,2.4,1483.0,0.631061,0.028819,5000
2.0,2.4,1484.0,0.658497,0.037116,5000
2.0,2.4,1485.0,0.635858,0.029072,5000
2.0,2.4,1486.0,0.724409,0.032436,5000
2.0,2.4,1487.0,0.694868,0.028678,5000
2.0,2.4,1488.0,0.692503,0.034295,5000
2.0,2.4,1489.0,0.676841,0.030824,5000
2.0,2.4,1490.0,0.689627,0.028491,5000
2.0,2.4,1491.0,0.685174,0.032011,5000
2.0,2.4,1492.0,0.631768,0.031326,5000
2.0,2.4,1493.0,0.666408,0.028501,5000
2.0,2.4,1494.0,0.666957,0.035706,5000
2.0,2.4,1495.0,0.640075,0.031375,5000
2.0,2.4,1496.0,0.644475,0.029333,5000
2.0,2.4,1497.0,0.608694,0.034524,5000
2.0,2.4,1498.0,0.627499,0.032601,5000
2.0,2.4,1499.0,0.673095,0.034994,5000
2.0,2.4,1500.0,0.654933,0.0373,5000
2.0,2.4,1501.0,0.565054,0.028729,5000
2.0,2.4,1502.0,0.675817,0.033567,5000
2.0,2.4,1503.0,0.632732,0.032582,5000
2.0,2.4,1504.0,0.642723,0.033423,5000
2.0,2.4,1505.0,0.666229,0.029091,5000
2.0,2.4,1506.0,0.656534,0.028748,5000
2.0,2.4,1507.0,0.660131,0.029569,5000
2.0,2.4,1508.0,0.611341,0.028061,5000
2.0,2.4,1509.0,0.641653,0.028911,5000
2.0,2.4,1510.0,0.606536,0.028318,5000
2.0,2.4,1511.0,0.575474,0.031108,5000
2.0,2.4,1512.0,0.631209,0.028678,5000
2.0,2.4,1513.0,0.671478,0.032301,5000
2.0,2.4,1514.0,0.657828,0.029231,5000
2.0,2.4,1515.0,0.717276,0.032194,5000
2.0,2.4,1516.0,0.639889,0.03146,5000
2.0,2.4,1517.0,0.666611,0.029735,5000
2.0,2.4,1518.0,0.65092,0.031354,5000
2.0,2.4,1519.0,0.62897,0.02952,5000
2.0,2.4,1520.0,0.620047,0.038525,5000
2.0,2.4,1521.0,0.668413,0.031982,5000
2.0,2.4,1522.0,0.65335,0.03466,5000
2.0,2.4,1523.0,0.622941,0.0353,5000
2.0,2.4,1524.0,0.555479,0.030387,5000
2.0,2.4,1525.0,0.508151,0.031637,5000
2.0,2.4,1526.0,0.570081,0.029923,5000
2.0,2.4,1527.0,0.587596,0.032383,5000
2.0,2.4,1528.0,0.633168,0.027739,5000
2.0,2.4,1529.0,0.619882,0.032054,5000
2.0,2.4,1530.0,0.686033,0.030178,5000
2.0,2.4,1531.0,0.658667,0.035522,5000
2.0,2.4,1532.0,0.696201,0.029066,5000
2.0,2.4,1533.0,0.71808,0.037567,5000
2.0,2.4,1534.0,0.607771,0.028395,5000
2.0,2.4,1535.0,0.649888,0.031815,5000
2.0,2.4,1536.0,0.662957,0.030197,5000
2.0,2.4,1537.0,0.616468,0.027768,5000
2.0,2.4,1538.0,0.588739,0.032718,5000
2.0,2.4,1539.0,0.555418,0.030547,5000
2.0,2.4,1540.0,0.57642,0.037089,5000
2.0,2.4,1541.0,0.598855,0.028435,5000
2.0,2.4,1542.0,0.553535,0.033425,5000
2.0,2.4,1543.0,0.554135,0.027855,5000
2.0,2.4,1544.0,0.560331,0.034499,5000
2.0,2.4,1545.0,0.572552,0.029437,5000
2.0,2.4,1546.0,0.587027,0.036273,5000
2.0,2.4,1547.0,0.680548,0.028582,5000
2.0,2.4,1548.0,0.643646,0.029587,5000
2.0,2.4,1549.0,0.733272,0.035683,5000
2.0,2.4,1550.0,0.770505,0.031422,5000
2.0,2.4,1551.0,0.764854,0.028207,5000
2.0,2.4,1552.0,0.697296,0.030237,5000
2.0,2.4,1553.0,0.723533,0.031432,5000
2.0,2.4,1554.0,0.6559,0.031278,5000
2.0,2.4,1555.0,0.629847,0.028143,5000
2.0,2.4,1556.0,0.631528,0.035493,5000
2.0,2.4,1557.0,0.659073,0.028523,5000
2.0,2.4,1558.0,0.696246,0.030691,5000
2.0,2.4,1559.0,0.653507,0.031815,5000
2.0,2.4,1560.0,0.623285,0.028433,5000
2.0,2.4,1561.0,0.615222,0.030215,5000
2.0,2.4,1562.0,0.591195,0.031548,5000
2.0,2.4,1563.0,0.54993,0.031352,5000
2.0,2.4,1564.0,0.621753,0.027819,5000
2.0,2.4,1565.0,0.594103,0.028771,5000
2.0,2.4,1566.0,0.576253,0.029895,5000
2.0,2.4,1567.0,0.605637,0.031272,5000
2.0,2.4,1568.0,0.621374,0.029311,5000
2.0,2.4,1569.0,0.647327,0.029046,5000
2.0,2.4,1570.0,0.665393,0.031819,5000
2.0,2.4,1571.0,0.589752,0.030817,5000
2.0,2.4,1572.0,0.632572,0.031395,5000
2.0,2.4,1573.0,0.6123,0.029543,5000
2.0,2.4,1574.0,0.607399,0.03502,5000
2.0,2.4,1575.0,0.562415,0.03328,5000
2.0,2.4,1576.0,0.61487,0.03197,5000
2.0,2.4,1577.0,0.640989,0.032695,5000
2.0,2.4,1578.0,0.599059,0.030268,5000
2.0,2.4,1579.0,0.588368,0.031963,5000
2.0,2.4,1580.0,0.646689,0.028656,5000
2.0,2.4,1581.0,0.60823,0.03511,5000
2.0,2.4,1582.0,0.585796,0.031575,5000
2.0,2.4,1583.0,0.607318,0.027025,5000
2.0,2.4,1584.0,0.625044,0.030971,5000
2.0,2.4,1585.0,0.614957,0.028233,5000
2.0,2.4,1586.0,0.605193,0.034312,5000
2.0,2.4,1587.0,0.582362,0.028355,5000
2.0,2.4,1588.0,0.623133,0.034081,5000
2.0,2.4,1589.0,0.615572,0.029399,5000
2.0,2.4,1590.0,0.607831,0.028815,5000
2.0,2.4,1591.0,0.619424,0.031937,5000
2.0,2.4,1592.0,0.550286,0.030462,5000
2.0,2.4,1593.0,0.580065,0.028232,5000
2.0,2.4,1594.0,0.571986,0.028073,5000
2.0,2.4,1595.0,0.570226,0.03508,5000
2.0,2.4,1596.0,0.598032,0.033363,5000
2.0,2.4,1597.0,0.663272,0.033662,5000
2.0,2.4,1598.0,0.598881,0.027657,5000
2.0,2.4,1599.0,0.596412,0.033192,5000
2.0,2.4,1600.0,0.655596,0.034593,5000
2.0,2.4,1601.0,0.67294,0.031931,5000
2.0,2.4,1602.0,0.569739,0.031944,5000
2.0,2.4,1603.0,0.60126,0.030824,5000
2.0,2.4,1604.0,0.582374,0.027396,5000
2.0,2.4,1605.0,0.594501,0.032258,5000
2.0,2.4,1606.0,0.57858,0.029165,5000
2.0,2.4,1607.0,0.603609,0.032049,5000
2.0,2.4,1608.0,0.574206,0.0298,5000
2.0,2.4,1609.0,0.604961,0.032438,5000
2.0,2.4,1610.0,0.65105,0.03375,5000
2.0,2.4,1611.0,0.605143,0.02947,5000
2.0,2.4,1612.0,0.64765,0.030313,5000
2.0,2.4,1613.0,0.549632,0.027269,5000
2.0,2.4,1614.0,0.623177,0.034221,5000
2.0,2.4,1615.0,0.590254,0.028877,5000
2.0,2.4,1616.0,0.601389,0.033359,5000
2.0,2.4,1617.0,0.652452,0.034732,5000
2.0,2.4,1618.0,0.623059,0.033184,5000
2.0,2.4,1619.0,0.62115,0.038115,5000
2.0,2.4,1620.0,0.592056,0.028532,5000
2.0,2.4,1621.0,0.555897,0.032791,5000
2.0,2.4,1622.0,0.560844,0.03056,5000
2.0,2.4,1623.0,0.56207,0.029289,5000
2.0,2.4,1624.0,0.590614,0.030022,5000
2.0,2.4,1625.0,0.545652,0.027945,5000
2.0,2.4,1626.0,0.611283,0.035255,5000
2.0,2.4,1627.0,0.57443,0.028449,5000
2.0,2.4,1628.0,0.547869,0.033514,5000
2.0,2.4,1629.0,0.620523,0.028103,5000
2.0,2.4,1630.0,0.625556,0.027809,4984
2.0,2.4,1631.0,0.538195,0.030085,4958
2.0,2.4,1632.0,0.618951,0.031199,4932
2.0,2.4,1633.0,0.647674,0.031444,4905
2.0,2.4,1634.0,0.61878,0.027658,4867
2.0,2.4,1635.0,0.612775,0.028084,4840
2.0,2.4,1636.0,0.625436,0.028461,4810
2.0,2.4,1637.0,0.66081,0.032463,4759
2.0,2.4,1638.0,0.697851,0.032663,4724
2.0,2.4,1639.0,0.672831,0.036768,4685
2.0,2.4,1640.0,0.698022,0.030828,4641
2.0,2.4,1641.0,0.623326,0.030825,4610
2.0,2.4,1642.0,0.632623,0.037979,4583
2.0,2.4,1643.0,0.607294,0.0321,4546
2.0,2.4,1644.0,0.573184,0.028929,4507
2.0,2.4,1645.0,0.663396,0.033831,4485
2.0,2.4,1646.0,0.58792,0.033233,4460
2.0,2.4,1647.0,0.603893,0.03315,4428
2.0,2.4,1648.0,0.638695,0.029363,4399
2.0,2.4,1649.0,0.576329,0.0293,4371
2.0,2.4,1650.0,0.633386,0.033528,4340
2.0,2.4,1651.0,0.59857,0.036154,4316
2.0,2.4,1652.0,0.61626,0.02984,4293
2.0,2.4,1653.0,0.618381,0.032246,4266
2.0,2.4,1654.0,0.616051,0.029691,4244
2.0,2.4,1655.0,0.562042,0.032463,4224
2.0,2.4,1656.0,0.577477,0.035936,4202
2.0,2.4,1657.0,0.619963,0.032259,4171
2.0,2.4,1658.0,0.560181,0.032241,4147
2.0,2.4,1659.0,0.672459,0.03361,4124
2.0,2.4,1660.0,0.66758,0.030032,4098
2.0,2.4,1661.0,0.617878,0.031395,4083
2.0,2.4,1662.0,0.57571,0.031107,4063
2.0,2.4,1663.0,0.633874,0.04077,4048
2.0,2.4,1664.0,0.667311,0.036776,4029
2.0,2.4,1665.0,0.658824,0.03149,4005
2.0,2.4,1666.0,0.550361,0.04375,3987
2.0,2.4,1667.0,0.584527,0.030942,3949
2.0,2.4,1668.0,0.649336,0.03772,3930
2.0,2.4,1669.0,0.65417,0.036972,3908
2.0,2.4,1670.0,0.658058,0.030125,3884
2.0,2.4,1671.0,0.578467,0.036385,3858
2.0,2.4,1672.0,0.58907,0.033839,3839
2.0,2.4,1673.0,0.583945,0.037859,3819
2.0,2.4,1674.0,0.57684,0.036864,3789
2.0,2.4,1675.0,0.592682,0.032945,3762
2.0,2.4,1676.0,0.621585,0.037441,3741
2.0,2.4,1677.0,0.579009,0.032826,3717
2.0,2.4,1678.0,0.637789,0.035893,3697
2.0,2.4,1679.0,0.589978,0.035685,3665
2.0,2.4,1680.0,0.575029,0.031196,3636
2.0,2.4,1681.0,0.560535,0.042657,3610
2.0,2.4,1682.0,0.656083,0.038239,3579
2.0,2.4,1683.0,0.677407,0.032882,3551
2.0,2.4,1684.0,0.586293,0.036835,3523
2.0,2.4,1685.0,0.550796,0.034187,3500
2.0,2.4,1686.0,0.591219,0.040644,3465
2.0,2.4,1687.0,0.588655,0.037571,3433
2.0,2.4,1688.0,0.625643,0.03246,3404
2.0,2.4,1689.0,0.56092,0.035622,3374
2.0,2.4,1690.0,0.584757,0.031817,3340
2.0,2.4,1691.0,0.64715,0.031664,3312
2.0,2.4,1692.0,0.585526,0.037223,3285
2.0,2.4,1693.0,0.563658,0.038621,3250
2.0,2.4,1694.0,0.611793,0.033079,3214
2.0,2.4,1695.0,0.67106,0.034549,3164
2.0,2.4,1696.0,0.674158,0.03667,3123
2.0,2.4,1697.0,0.624061,0.03607,3090
2.0,2.4,1698.0,0.608866,0.033551,3061
2.0,2.4,1699.0,0.574041,0.032362,3032
2.0,2.4,1700.0,0.551997,0.039319,2988
2.4,2.8,1050.0,1.105302,0.068901,5000
2.4,2.8,1051.0,1.021044,0.073821,5000
2.4,2.8,1052.0,1.128928,0.081841,5000
2.4,2.8,1053.0,1.12096,0.076156,5000
2.4,2.8,1054.0,1.033747,0.083316,5000
2.4,2.8,1055.0,1.172698,0.072364,5000
2.4,2.8,1056.0,0.908667,0.06692,5000
2.4,2.8,1057.0,1.10366,0.076278,5000
2.4,2.8,1058.0,0.988404,0.073607,5000
2.4,2.8,1059.0,1.10799,0.077231,5000
2.4,2.8,1060.0,0.908914,0.086052,5000
2.4,2.8,1061.0,0.845194,0.076581,5000
2.4,2.8,1062.0,0.886572,0.080091,5000
2.4,2.8,1063.0,0.993986,0.068304,5000
2.4,2.8,1064.0,0.94556,0.072972,5000
2.4,2.8,1065.0,0.903001,0.066969,5000
2.4,2.8,1066.0,0.953659,0.083109,5000
2.4,2.8,1067.0,1.11009,0.06321,5000
2.4,2.8,1068.0,0.828344,0.064728,5000
2.4,2.8,1069.0,0.859522,0.065726,5000
2.4,2.8,1070.0,0.907713,0.066852,5000
2.4,2.8,1071.0,0.966978,0.06686,5000
2.4,2.8,1072.0,0.93042,0.061346,5000
2.4,2.8,1073.0,1.102057,0.062133,5000
2.4,2.8,1074.0,0.847797,0.062378,5000
2.4,2.8,1075.0,0.869209,0.079213,5000
2.4,2.8,1076.0,0.955962,0.077266,5000
2.4,2.8,1077.0,0.915021,0.066899,5000
2.4,2.8,1078.0,0.891853,0.071668,5000
2.4,2.8,1079.0,1.073484,0.062025,5000
2.4,2.8,1080.0,0.964746,0.075371,5000
2.4,2.8,1081.0,0.893992,0.059823,5000
2.4,2.8,1082.0,0.914406,0.061128,5000
2.4,2.8,1083.0,0.842232,0.058809,5000
2.4,2.8,1084.0,0.79309,0.060082,5000
2.4,2.8,1085.0,0.919812,0.065441,5000
2.4,2.8,1086.0,0.940614,0.064566,5000
2.4,2.8,1087.0,0.989901,0.06067,5000
2.4,2.8,1088.0,0.935621,0.066224,5000
2.4,2.8,1089.0,0.952378,0.060711,5000
2.4,2.8,1090.0,0.794706,0.060157,5000
2.4,2.8,1091.0,0.823999,0.05693,5000
2.4,2.8,1092.0,0.844215,0.063059,5000
2.4,2.8,1093.0,0.986739,0.07003,5000
2.4,2.8,1094.0,0.824643,0.057085,5000
2.4,2.8,1095.0,1.008444,0.055541,5000
2.4,2.8,1096.0,0.909439,0.053623,5000
2.4,2.8,1097.0,0.858651,0.064263,5000
2.4,2.8,1098.0,0.984644,0.076702,5000
2.4,2.8,1099.0,0.858533,0.053748,5000
2.4,2.8,1100.0,0.998168,0.059723,5000
2.4,2.8,1101.0,0.840849,0.058943,5000
2.4,2.8,1102.0,0.852371,0.053541,5000
2.4,2.8,1103.0,0.766502,0.061387,5000
2.4,2.8,1104.0,0.802425,0.053968,5000
2.4,2.8,1105.0,0.8718,0.054799,5000
2.4,2.8,1106.0,0.724333,0.052871,5000
2.4,2.8,1107.0,0.891739,0.059364,5000
2.4,2.8,1108.0,0.829615,0.053202,5000
2.4,2.8,1109.0,0.85486,0.051592,5000
2.4,2.8,1110.0,0.828464,0.063458,5000
2.4,2.8,1111.0,0.731102,0.051045,5000
2.4,2.8,1112.0,0.778026,0.057779,5000
2.4,2.8,1113.0,0.76675,0.057224,5000
2.4,2.8,1114.0,0.865712,0.056357,5000
2.4,2.8,1115.0,0.739821,0.05443,5000
2.4,2.8,1116.0,0.748067,0.051842,5000
2.4,2.8,1117.0,0.781275,0.05869,5000
2.4,2.8,1118.0,0.747178,0.047617,5000
2.4,2.8,1119.0,0.97152,0.053687,5000
2.4,2.8,1120.0,0.845432,0.049667,5000
2.4,2.8,1121.0,0.738172,0.048347,5000
2.4,2.8,1122.0,0.777817,0.052547,5000
2.4,2.8,1123.0,0.836256,0.048777,5000
2.4,2.8,1124.0,0.849362,0.049437,5000
2.4,2.8,1125.0,0.76282,0.048033,5000
2.4,2.8,1126.0,0.709827,0.055623,5000
2.4,2.8,1127.0,0.781517,0.050612,5000
2.4,2.8,1128.0,0.752462,0.057258,5000
2.4,2.8,1129.0,0.777637,0.048441,5000
2.4,2.8,1130.0,0.773781,0.057209,5000
2.4,2.8,1131.0,0.747373,0.049643,5000
2.4,2.8,1132.0,0.804048,0.061315,5000
2.4,2.8,1133.0,0.810153,0.051619,5000
2.4,2.8,1134.0,0.691808,0.049622,5000
2.4,2.8,1135.0,0.745729,0.056698,5000
2.4,2.8,1136.0,0.802105,0.050625,5000
2.4,2.8,1137.0,0.732383,0.046596,5000
2.4,2.8,1138.0,0.766276,0.047371,5000
2.4,2.8,1139.0,0.761992,0.05846,5000
2.4,2.8,1140.0,0.681817,0.050066,5000
2.4,2.8,1141.0,0.763564,0.051831,5000
2.4,2.8,1142.0,0.80479,0.052586,5000
2.4,2.8,1143.0,0.731153,0.045036,5000
2.4,2.8,1144.0,0.828656,0.054392,5000
2.4,2.8,1145.0,0.770658,0.049813,5000
2.4,2.8,1146.0,0.763148,0.045657,5000
2.4,2.8,1147.0,0.752857,0.052341,5000
2.4,2.8,1148.0,0.745624,0.056901,5000
2.4,2.8,1149.0,0.75337,0.049021,5000
2.4,2.8,1150.0,0.727745,0.060355,5000
2.4,2.8,1151.0,0.764674,0.044845,5000
2.4,2.8,1152.0,0.712174,0.051228,5000
2.4,2.8,1153.0,0.811288,0.04629,5000
2.4,2.8,1154.0,0.732062,0.045444,5000
2.4,2.8,1155.0,0.721911,0.045105,5000
2.4,2.8,1156.0,0.767368,0.049302,5000
2.4,2.8,1157.0,0.696476,0.048997,5000
2.4,2.8,1158.0,0.697914,0.043873,5000
2.4,2.8,1159.0,0.810485,0.044647,5000
2.4,2.8,1160.0,0.787363,0.054548,5000
2.4,2.8,1161.0,0.64894,0.044586,5000
2.4,2.8,1162.0,0.785999,0.048413,5000
2.4,2.8,1163.0,0.781289,0.044728,5000
2.4,2.8,1164.0,0.692233,0.049161,5000
2.4,2.8,1165.0,0.710035,0.050244,5000
2.4,2.8,1166.0,0.688019,0.05111,5000
2.4,2.8,1167.0,0.720638,0.051825,5000
2.4,2.8,1168.0,0.672562,0.044259,5000
2.4,2.8,1169.0,0.728992,0.049034,5000
2.4,2.8,1170.0,0.620761,0.04411,5000
2.4,2.8,1171.0,0.703658,0.046673,5000
2.4,2.8,1172.0,0.681196,0.049966,5000
2.4,2.8,1173.0,0.617712,0.045917,5000
2.4,2.8,1174.0,0.585164,0.046164,5000
2.4,2.8,1175.0,0.615677,0.056908,5000
2.4,2.8,1176.0,0.689024,0.044398,5000
2.4,2.8,1177.0,0.717677,0.055634,5000
2.4,2.8,1178.0,0.603973,0.055641,5000
2.4,2.8,1179.0,0.656394,0.044596,5000
2.4,2.8,1180.0,0.674914,0.043983,5000
2.4,2.8,1181.0,0.643664,0.042889,5000
2.4,2.8,1182.0,0.632745,0.043895,5000
2.4,2.8,1183.0,0.720997,0.053448,5000
2.4,2.8,1184.0,0.653565,0.043784,5000
2.4,2.8,1185.0,0.705782,0.049573,5000
2.4,2.8,1186.0,0.649423,0.050652,5000
2.4,2.8,1187.0,0.651223,0.041061,5000
2.4,2.8,1188.0,0.543903,0.047577,5000
2.4,2.8,1189.0,0.635549,0.045065,5000
2.4,2.8,1190.0,0.574157,0.054138,5000
2.4,2.8,1191.0,0.643272,0.045328,5000
2.4,2.8,1192.0,0.593722,0.047197,5000
2.4,2.8,1193.0,0.776559,0.046161,5000
2.4,2.8,1194.0,0.644063,0.051118,5000
2.4,2.8,1195.0,0.723727,0.046404,5000
2.4,2.8,1196.0,0.735279,0.047753,5000
2.4,2.8,1197.0,0.67079,0.046035,5000
2.4,2.8,1198.0,0.681265,0.041716,5000
2.4,2.8,1199.0,0.71159,0.043651,5000
2.4,2.8,1200.0,0.608371,0.042246,5000
2.4,2.8,1201.0,0.572407,0.040802,5000
2.4,2.8,1202.0,0.34344,0.040913,5000
2.4,2.8,1203.0,0.313978,0.040192,5000
2.4,2.8,1204.0,0.30746,0.041954,5000
2.4,2.8,1205.0,0.355739,0.046537,5000
2.4,2.8,1206.0,0.375416,0.042686,5000
2.4,2.8,1207.0,0.353632,0.042695,5000
2.4,2.8,1208.0,0.32219,0.042497,5000
2.4,2.8,1209.0,0.331533,0.04259,5000
2.4,2.8,1210.0,0.343136,0.040615,5000
2.4,2.8,1211.0,0.602658,0.042638,5000
2.4,2.8,1212.0,1.154947,0.059271,5000
2.4,2.8,1213.0,2.042372,0.066215,5000
2.4,2.8,1214.0,6.536365,0.115731,5000
2.4,2.8,1215.0,16.162682,0.250266,5000
2.4,2.8,1216.0,13.524286,0.24452,5000
2.4,2.8,1217.0,4.345355,0.078597,5000
2.4,2.8,1218.0,1.369317,0.06216,5000
2.4,2.8,1219.0,0.677984,0.045899,5000
2.4,2.8,1220.0,0.400546,0.041725,5000
2.4,2.8,1221.0,0.454566,0.048934,5000
2.4,2.8,1222.0,0.351687,0.047182,5000
2.4,2.8,1223.0,0.388627,0.042465,5000
2.4,2.8,1224.0,0.444927,0.041147,5000
2.4,2.8,1225.0,0.341894,0.041835,5000
2.4,2.8,1226.0,0.23697,0.043235,5000
2.4,2.8,1227.0,0.340037,0.039982,5000
2.4,2.8,1228.0,0.450275,0.043204,5000
2.4,2.8,1229.0,0.460866,0.039423,5000
2.4,2.8,1230.0,0.63463,0.037795,5000
2.4,2.8,1231.0,0.664223,0.049342,5000
2.4,2.8,1232.0,0.683493,0.047719,5000
2.4,2.8,1233.0,0.765984,0.046035,5000
2.4,2.8,1234.0,0.686415,0.048842,5000
2.4,2.8,1235.0,0.663696,0.044032,5000
2.4,2.8,1236.0,0.682789,0.039156,5000
2.4,2.8,1237.0,0.762144,0.046995,5000
2.4,2.8,1238.0,0.649046,0.043847,5000
2.4,2.8,1239.0,0.712662,0.039731,5000
2.4,2.8,1240.0,0.670605,0.048256,5000
2.4,2.8,1241.0,0.828499,0.04052,5000
2.4,2.8,1242.0,0.823102,0.044802,5000
2.4,2.8,1243.0,0.764531,0.039028,5000
2.4,2.8,1244.0,0.772192,0.046409,5000
2.4,2.8,1245.0,0.756953,0.042378,5000
2.4,2.8,1246.0,0.760195,0.046146,5000
2.4,2.8,1247.0,0.766859,0.040968,5000
2.4,2.8,1248.0,0.824445,0.039974,5000
2.4,2.8,1249.0,0.716166,0.039665,5000
2.4,2.8,1250.0,0.744549,0.042141,5000
2.4,2.8,1251.0,0.732789,0.045804,5000
2.4,2.8,1252.0,0.70756,0.038439,5000
2.4,2.8,1253.0,0.797447,0.041259,5000
2.4,2.8,1254.0,0.799283,0.042077,5000
2.4,2.8,1255.0,0.67814,0.043192,5000
2.4,2.8,1256.0,0.700993,0.039181,5000
2.4,2.8,1257.0,0.741237,0.038493,5000
2.4,2.8,1258.0,0.640732,0.044293,5000
2.4,2.8,1259.0,0.667987,0.041187,5000
2.4,2.8,1260.0,0.727837,0.045208,5000
2.4,2.8,1261.0,0.803133,0.048221,5000
2.4,2.8,1262.0,0.841551,0.046957,5000
2.4,2.8,1263.0,0.834175,0.045284,5000
2.4,2.8,1264.0,0.835546,0.047541,5000
2.4,2.8,1265.0,0.7763,0.04464,5000
2.4,2.8,1266.0,0.724194,0.042366,5000
2.4,2.8,1267.0,0.740044,0.049542,5000
2.4,2.8,1268.0,0.831469,0.04249,5000
2.4,2.8,1269.0,0.768681,0.039753,5000
2.4,2.8,1270.0,0.746297,0.045736,5000
2.4,2.8,1271.0,0.790089,0.041154,5000
2.4,2.8,1272.0,0.791987,0.053449,5000
2.4,2.8,1273.0,0.798115,0.051776,5000
2.4,2.8,1274.0,0.811303,0.040067,5000
2.4,2.8,1275.0,0.792884,0.045301,5000
2.4,2.8,1276.0,0.741657,0.044847,5000
2.4,2.8,1277.0,0.741612,0.043028,5000
2.4,2.8,1278.0,0.714468,0.040383,5000
2.4,2.8,1279.0,0.742792,0.042197,5000
2.4,2.8,1280.0,0.710352,0.04536,5000
2.4,2.8,1281.0,0.790416,0.045401,5000
2.4,2.8,1282.0,0.699428,0.041832,5000
2.4,2.8,1283.0,0.811375,0.041574,5000
2.4,2.8,1284.0,0.765215,0.043924,5000
2.4,2.8,1285.0,0.758946,0.041044,5000
2.4,2.8,1286.0,0.793134,0.042014,5000
2.4,2.8,1287.0,0.768493,0.044492,5000
2.4,2.8,1288.0,0.72131,0.040701,5000
2.4,2.8,1289.0,0.74489,0.037161,5000
2.4,2.8,1290.0,0.734115,0.040104,5000
2.4,2.8,1291.0,0.693818,0.047165,5000
2.4,2.8,1292.0,0.780331,0.039553,5000
2.4,2.8,1293.0,0.792084,0.039101,5000
2.4,2.8,1294.0,0.800411,0.046363,5000
2.4,2.8,1295.0,0.707232,0.041698,5000
2.4,2.8,1296.0,0.791949,0.039371,5000
2.4,2.8,1297.0,0.649819,0.043308,5000
2.4,2.8,1298.0,0.700582,0.04293,5000
2.4,2.8,1299.0,0.687816,0.048974,5000
2.4,2.8,1300.0,0.659377,0.03574,5000
2.4,2.8,1301.0,0.663971,0.040486,5000
2.4,2.8,1302.0,0.684095,0.041606,5000
2.4,2.8,1303.0,0.7885,0.04488,5000
2.4,2.8,1304.0,0.79695,0.039878,5000
2.4,2.8,1305.0,0.734309,0.040215,5000
2.4,2.8,1306.0,0.782982,0.042078,5000
2.4,2.8,1307.0,0.722016,0.038519,5000
2.4,2.8,1308.0,0.736211,0.036766,5000
2.4,2.8,1309.0,0.809892,0.04273,5000
2.4,2.8,1310.0,0.771441,0.047989,5000
2.4,2.8,1311.0,0.761607,0.044361,5000
2.4,2.8,1312.0,0.745457,0.041529,5000
2.4,2.8,1313.0,0.869737,0.038768,5000
2.4,2.8,1314.0,0.783028,0.042392,5000
2.4,2.8,1315.0,0.788482,0.040586,5000
2.4,2.8,1316.0,0.769807,0.040662,5000
2.4,2.8,1317.0,0.738849,0.041917,5000
2.4,2.8,1318.0,0.707475,0.047096,5000
2.4,2.8,1319.0,0.717339,0.03883,5000
2.4,2.8,1320.0,0.825252,0.046281,5000
2.4,2.8,1321.0,0.735663,0.039711,5000
2.4,2.8,1322.0,0.771556,0.040198,5000
2.4,2.8,1323.0,0.738599,0.03861,5000
2.4,2.8,1324.0,0.74973,0.040638,5000
2.4,2.8,1325.0,0.737903,0.052771,5000
2.4,2.8,1326.0,0.700355,0.042864,5000
2.4,2.8,1327.0,0.716994,0.042391,5000
2.4,2.8,1328.0,0.682641,0.034739,5000
2.4,2.8,1329.0,0.755207,0.038957,5000
2.4,2.8,1330.0,0.729537,0.042824,5000
2.4,2.8,1331.0,0.739326,0.040791,5000
2.4,2.8,1332.0,0.553323,0.050224,5000
2.4,2.8,1333.0,0.578775,0.041053,5000
2.4,2.8,1334.0,0.746655,0.04396,5000
2.4,2.8,1335.0,0.763655,0.042137,5000
2.4,2.8,1336.0,0.765868,0.037074,5000
2.4,2.8,1337.0,0.710496,0.043063,5000
2.4,2.8,1338.0,0.706598,0.041639,5000
2.4,2.8,1339.0,0.701397,0.040497,5000
2.4,2.8,1340.0,0.79163,0.039332,5000
2.4,2.8,1341.0,0.697558,0.039077,5000
2.4,2.8,1342.0,0.62207,0.039065,5000
2.4,2.8,1343.0,0.66992,0.052667,5000
2.4,2.8,1344.0,0.66496,0.039081,5000
2.4,2.8,1345.0,0.682361,0.038444,5000
2.4,2.8,1346.0,0.747027,0.03978,5000
2.4,2.8,1347.0,0.689141,0.042448,5000
2.4,2.8,1348.0,0.75879,0.038405,5000
2.4,2.8,1349.0,0.731505,0.045243,5000
2.4,2.8,1350.0,0.694748,0.039484,5000
2.4,2.8,1351.0,0.675763,0.038011,5000
2.4,2.8,1352.0,0.607839,0.037153,5000
2.4,2.8,1353.0,0.695099,0.038668,5000
2.4,2.8,1354.0,0.681974,0.035426,5000
2.4,2.8,1355.0,0.617663,0.040191,5000
2.4,2.8,1356.0,0.63729,0.041865,5000
2.4,2.8,1357.0,0.688995,0.037443,5000
2.4,2.8,1358.0,0.653442,0.040847,5000
2.4,2.8,1359.0,0.64786,0.036599,5000
2.4,2.8,1360.0,0.624921,0.038481,5000
2.4,2.8,1361.0,0.671273,0.038745,5000
2.4,2.8,1362.0,0.635209,0.039868,5000
2.4,2.8,1363.0,0.664269,0.037751,5000
2.4,2.8,1364.0,0.580987,0.039137,5000
2.4,2.8,1365.0,0.607568,0.037791,5000
2.4,2.8,1366.0,0.672856,0.039784,5000
2.4,2.8,1367.0,0.623582,0.045136,5000
2.4,2.8,1368.0,0.694859,0.043083,5000
2.4,2.8,1369.0,0.628452,0.037643,5000
2.4,2.8,1370.0,0.614303,0.041904,5000
2.4,2.8,1371.0,0.635493,0.041441,5000
2.4,2.8,1372.0,0.651255,0.038212,5000
2.4,2.8,1373.0,0.670585,0.034285,5000
2.4,2.8,1374.0,0.638101,0.034003,5000
2.4,2.8,1375.0,0.690302,0.039514,5000
2.4,2.8,1376.0,0.69437,0.040812,5000
2.4,2.8,1377.0,0.638501,0.035001,5000
2.4,2.8,1378.0,0.700252,0.041036,5000
2.4,2.8,1379.0,0.613625,0.035223,5000
2.4,2.8,1380.0,0.694936,0.047951,5000
2.4,2.8,1381.0,0.687876,0.034342,5000
2.4,2.8,1382.0,0.612836,0.039621,5000
2.4,2.8,1383.0,0.674661,0.03856,5000
2.4,2.8,1384.0,0.688961,0.0406,5000
2.4,2.8,1385.0,0.591497,0.037621,5000
2.4,2.8,1386.0,0.634199,0.042467,5000
2.4,2.8,1387.0,0.663794,0.03498,5000
2.4,2.8,1388.0,0.606365,0.044522,5000
2.4,2.8,1389.0,0.601975,0.042895,5000
2.4,2.8,1390.0,0.630421,0.033943,5000
2.4,2.8,1391.0,0.534534,0.033457,5000
2.4,2.8,1392.0,0.554154,0.035787,5000
2.4,2.8,1393.0,0.644403,0.034461,5000
2.4,2.8,1394.0,0.671306,0.038083,5000
2.4,2.8,1395.0,0.619484,0.042889,5000
2.4,2.8,1396.0,0.649564,0.039433,5000
2.4,2.8,1397.0,0.656925,0.041046,5000
2.4,2.8,1398.0,0.637109,0.034308,5000
2.4,2.8,1399.0,0.643001,0.03553,5000
2.4,2.8,1400.0,0.617861,0.036074,5000
2.4,2.8,1401.0,0.60244,0.034078,5000
2.4,2.8,1402.0,0.655551,0.03619,5000
2.4,2.8,1403.0,0.703543,0.034597,5000
2.4,2.8,1404.0,0.621992,0.036256,5000
2.4,2.8,1405.0,0.633129,0.032796,5000
2.4,2.8,1406.0,0.630874,0.040537,5000
2.4,2.8,1407.0,0.656704,0.035244,5000
2.4,2.8,1408.0,0.628585,0.035771,5000
2.4,2.8,1409.0,0.613112,0.034758,5000
2.4,2.8,1410.0,0.662808,0.038119,5000
2.4,2.8,1411.0,0.619174,0.036357,5000
2.4,2.8,1412.0,0.596495,0.034556,5000
2.4,2.8,1413.0,0.581322,0.039207,5000
2.4,2.8,1414.0,0.723672,0.041482,5000
2.4,2.8,1415.0,0.694177,0.038936,5000
2.4,2.8,1416.0,0.663677,0.035231,5000
2.4,2.8,1417.0,0.667698,0.040595,5000
2.4,2.8,1418.0,0.65215,0.038104,5000
2.4,2.8,1419.0,0.633016,0.038531,5000
2.4,2.8,1420.0,0.634583,0.034142,5000
2.4,2.8,1421.0,0.60708,0.032549,5000
2.4,2.8,1422.0,0.606902,0.040449,5000
2.4,2.8,1423.0,0.63436,0.044094,5000
2.4,2.8,1424.0,0.626323,0.038767,5000
2.4,2.8,1425.0,0.609225,0.036422,5000
2.4,2.8,1426.0,0.588114,0.045452,5000
2.4,2.8,1427.0,0.645819,0.036579,5000
2.4,2.8,1428.0,0.602383,0.038278,5000
2.4,2.8,1429.0,0.65914,0.036685,5000
2.4,2.8,1430.0,0.732864,0.034016,5000
2.4,2.8,1431.0,0.570838,0.035277,5000
2.4,2.8,1432.0,0.676955,0.034078,5000
2.4,2.8,1433.0,0.617188,0.046405,5000
2.4,2.8,1434.0,0.623249,0.043163,5000
2.4,2.8,1435.0,0.681648,0.041753,5000
2.4,2.8,1436.0,0.644497,0.04337,5000
2.4,2.8,1437.0,0.647133,0.034977,5000
2.4,2.8,1438.0,0.645665,0.038877,5000
2.4,2.8,1439.0,0.634028,0.037632,5000
2.4,2.8,1440.0,0.633658,0.038335,5000
2.4,2.8,1441.0,0.62574,0.04237,5000
2.4,2.8,1442.0,0.63644,0.042134,5000
2.4,2.8,1443.0,0.688952,0.036461,5000
2.4,2.8,1444.0,0.625573,0.044404,5000
2.4,2.8,1445.0,0.693227,0.035625,5000
2.4,2.8,1446.0,0.629062,0.042853,5000
2.4,2.8,1447.0,0.694516,0.034638,5000
2.4,2.8,1448.0,0.623863,0.039469,5000
2.4,2.8,1449.0,0.596869,0.033869,5000
2.4,2.8,1450.0,0.579193,0.039899,5000
2.4,2.8,1451.0,0.694055,0.035015,5000
2.4,2.8,1452.0,0.664358,0.033842,5000
2.4,2.8,1453.0,0.624932,0.042337,5000
2.4,2.8,1454.0,0.638262,0.03603,5000
2.4,2.8,1455.0,0.60822,0.038254,5000
2.4,2.8,1456.0,0.645445,0.039718,5000
2.4,2.8,1457.0,0.619771,0.036959,5000
2.4,2.8,1458.0,0.632311,0.037034,4998
2.4,2.8,1459.0,0.657927,0.034384,4972
2.4,2.8,1460.0,0.623943,0.038083,4948
2.4,2.8,1461.0,0.675763,0.03596,4925
2.4,2.8,1462.0,0.643938,0.035153,4904
2.4,2.8,1463.0,0.671641,0.036751,4878
2.4,2.8,1464.0,0.737958,0.039955,4840
2.4,2.8,1465.0,0.638341,0.035358,4804
2.4,2.8,1466.0,0.625913,0.03402,4777
2.4,2.8,1467.0,0.637876,0.034903,4755
2.4,2.8,1468.0,0.629483,0.037954,4736
2.4,2.8,1469.0,0.547806,0.039453,4706
2.4,2.8,1470.0,0.636176,0.036934,4673
2.4,2.8,1471.0,0.687851,0.046901,4642
2.4,2.8,1472.0,0.674137,0.038895,4622
2.4,2.8,1473.0,0.698281,0.041922,4601
2.4,2.8,1474.0,0.647374,0.036247,4572
2.4,2.8,1475.0,0.641288,0.039456,4546
2.4,2.8,1476.0,0.61943,0.034902,4518
2.4,2.8,1477.0,0.586239,0.045629,4502
2.4,2.8,1478.0,0.657,0.041544,4483
2.4,2.8,1479.0,0.570441,0.038718,4453
2.4,2.8,1480.0,0.609376,0.037714,4434
2.4,2.8,1481.0,0.640462,0.035717,4414
2.4,2.8,1482.0,0.656594,0.03656,4393
2.4,2.8,1483.0,0.716823,0.053636,4372
2.4,2.8,1484.0,0.636045,0.042279,4358
2.4,2.8,1485.0,0.644483,0.041863,4337
2.4,2.8,1486.0,0.669893,0.042411,4321
2.4,2.8,1487.0,0.718635,0.037534,4301
2.4,2.8,1488.0,0.686408,0.046024,4289
2.4,2.8,1489.0,0.622491,0.044094,4272
2.4,2.8,1490.0,0.665403,0.044275,4259
2.4,2.8,1491.0,0.625446,0.038145,4230
2.4,2.8,1492.0,0.605639,0.040004,4218
2.4,2.8,1493.0,0.576571,0.039031,4200
2.4,2.8,1494.0,0.604941,0.043193,4182
2.4,2.8,1495.0,0.6309,0.037771,4163
2.4,2.8,1496.0,0.675474,0.038288,4144
2.4,2.8,1497.0,0.625137,0.040853,4125
2.4,2.8,1498.0,0.608799,0.048725,4103
2.4,2.8,1499.0,0.634168,0.040005,4081
2.4,2.8,1500.0,0.622204,0.048983,4061
2.4,2.8,1501.0,0.572294,0.039219,4033
2.4,2.8,1502.0,0.580032,0.041304,3996
2.4,2.8,1503.0,0.587591,0.037462,3968
2.4,2.8,1504.0,0.576016,0.046019,3944
2.4,2.8,1505.0,0.562204,0.044565,3914
2.4,2.8,1506.0,0.565512,0.037627,3886
2.4,2.8,1507.0,0.521915,0.038016,3855
2.4,2.8,1508.0,0.547161,0.037726,3826
2.4,2.8,1509.0,0.590251,0.044358,3798
2.4,2.8,1510.0,0.51587,0.047775,3779
2.4,2.8,1511.0,0.489848,0.047169,3752
2.4,2.8,1512.0,0.534995,0.045297,3726
2.4,2.8,1513.0,0.575694,0.049728,3713
2.4,2.8,1514.0,0.548069,0.044655,3686
2.4,2.8,1515.0,0.64503,0.044763,3660
2.4,2.8,1516.0,0.576391,0.044092,3646
2.4,2.8,1517.0,0.57205,0.047228,3623
2.4,2.8,1518.0,0.542399,0.044915,3600
2.4,2.8,1519.0,0.567949,0.047031,3575
2.4,2.8,1520.0,0.580716,0.040051,3557
2.4,2.8,1521.0,0.556677,0.043472,3537
2.4,2.8,1522.0,0.579745,0.041161,3515
2.4,2.8,1523.0,0.550279,0.047042,3491
2.4,2.8,1524.0,0.537188,0.042575,3473
2.4,2.8,1525.0,0.510337,0.044658,3455
2.4,2.8,1526.0,0.563644,0.044175,3437
2.4,2.8,1527.0,0.593269,0.047345,3410
2.4,2.8,1528.0,0.602146,0.042493,3381
2.4,2.8,1529.0,0.562089,0.041631,3358
2.4,2.8,1530.0,0.534785,0.041702,3336
2.4,2.8,1531.0,0.570524,0.044521,3309
2.4,2.8,1532.0,0.567867,0.041536,3272
2.4,2.8,1533.0,0.581036,0.039759,3233
2.4,2.8,1534.0,0.551564,0.04557,3197
2.4,2.8,1535.0,0.595111,0.04448,3166
2.4,2.8,1536.0,0.560674,0.044118,3131
2.4,2.8,1537.0,0.545171,0.044693,3094
2.4,2.8,1538.0,0.522391,0.042677,3064
2.4,2.8,1539.0,0.590751,0.044449,3034
2.4,2.8,1540.0,0.58433,0.043613,2993
2.4,2.8,1541.0,0.533973,0.044442,2959
2.4,2.8,1542.0,0.599856,0.059604,2926
2.4,2.8,1543.0,0.574724,0.04593,2897
2.4,2.8,1544.0,0.632397,0.055378,2865
2.4,2.8,1545.0,0.553336,0.052202,2832
2.4,2.8,1546.0,0.59271,0.056633,2809
2.4,2.8,1547.0,0.716509,0.042871,2794
2.4,2.8,1548.0,0.665741,0.043233,2769
2.4,2.8,1549.0,0.685494,0.049636,2731
2.4,2.8,1550.0,0.698439,0.049422,2695
2.4,2.8,1551.0,0.709257,0.045793,2660
2.4,2.8,1552.0,0.678123,0.056613,2632
2.4,2.8,1553.0,0.648925,0.05393,2597
2.4,2.8,1554.0,0.577002,0.055631,2558
2.4,2.8,1555.0,0.656067,0.056129,2531
2.4,2.8,1556.0,0.600705,0.054996,2497
2.4,2.8,1557.0,0.625719,0.045191,2459
2.4,2.8,1558.0,0.613218,0.044839,2426
2.4,2.8,1559.0,0.630404,0.048715,2387
2.4,2.8,1560.0,0.59333,0.055692,2343
2.4,2.8,1561.0,0.567532,0.044972,2309
2.4,2.8,1562.0,0.519973,0.047078,2275
2.4,2.8,1563.0,0.573794,0.052444,2239
2.4,2.8,1564.0,0.665197,0.047188,2200
2.4,2.8,1565.0,0.519179,0.049495,2158
2.4,2.8,1566.0,0.616166,0.060775,2112
2.4,2.8,1567.0,0.594332,0.04662,2067
2.4,2.8,1568.0,0.690408,0.053969,2013
2.4,2.8,1569.0,0.538802,0.058288,1965
2.4,2.8,1570.0,0.612218,0.058574,1923
2.4,2.8,1571.0,0.691274,0.050785,1890
2.4,2.8,1572.0,0.576998,0.048119,1852
2.4,2.8,1573.0,0.524192,0.055842,1811
2.4,2.8,1574.0,0.598422,0.05961,1761
2.4,2.8,1575.0,0.531056,0.057543,1728
2.4,2.8,1576.0,0.56014,0.070866,1698
2.4,2.8,1577.0,0.500493,0.053988,1656
2.4,2.8,1578.0,0.55782,0.064812,1631
2.4,2.8,1579.0,0.579207,0.060464,1587
2.4,2.8,1580.0,0.663453,0.071637,1558
2.4,2.8,1581.0,0.560558,0.054202,1533
2.4,2.8,1582.0,0.655622,0.063601,1500
2.4,2.8,1583.0,0.607144,0.062214,1462
2.4,2.8,1584.0,0.617726,0.061504,1430
2.4,2.8,1585.0,0.585849,0.059419,1392
2.4,2.8,1586.0,0.637675,0.057218,1357
2.4,2.8,1587.0,0.559354,0.064933,1317
2.4,2.8,1588.0,0.49601,0.059444,1282
2.4,2.8,1589.0,0.487524,0.060096,1249
2.4,2.8,1590.0,0.624076,0.083298,1212
2.4,2.8,1591.0,0.597332,0.069071,1167
2.4,2.8,1592.0,0.518545,0.064882,1131
2.4,2.8,1593.0,0.527425,0.060173,1093
2.4,2.8,1594.0,0.518498,0.074361,1050
2.4,2.8,1595.0,0.537265,0.062882,1022
2.4,2.8,1596.0,0.77793,0.07826,986
2.4,2.8,1597.0,0.707957,0.078786,955
2.4,2.8,1598.0,0.623165,0.083695,922
2.4,2.8,1599.0,0.655991,0.085902,881
2.4,2.8,1600.0,0.655992,0.083184,839
2.4,2.8,1601.0,0.766994,0.084811,812
2.4,2.8,1602.0,0.664159,0.081028,775
2.4,2.8,1603.0,0.598293,0.078857,735
2.4,2.8,1604.0,0.606166,0.088276,707
2.4,2.8,1605.0,0.582467,0.079349,675
2.4,2.8,1606.0,0.604151,0.079066,636
2.4,2.8,1607.0,0.550754,0.079828,606
2.4,2.8,1608.0,0.607469,0.079135,584
2.4,2.8,1609.0,0.69422,0.08749,550
2.4,2.8,1610.0,0.637633,0.107853,513
2.4,2.8,1611.0,0.661749,0.08382,486
2.4,2.8,1612.0,0.550073,0.094889,460
2.4,2.8,1613.0,0.617731,0.105111,428
2.4,2.8,1614.0,0.545288,0.105315,408
2.4,2.8,1615.0,0.533304,0.106138,391
2.4,2.8,1616.0,0.525133,0.122366,365
2.4,2.8,1617.0,0.722227,0.103539,342
2.4,2.8,1618.0,0.676279,0.089993,321
2.4,2.8,1619.0,0.563616,0.097373,295
2.4,2.8,1620.0,0.565049,0.099039,271
2.4,2.8,1621.0,0.610331,0.109067,249
2.4,2.8,1622.0,0.622844,0.126438,224
2.4,2.8,1623.0,0.551149,0.135636,197
2.4,2.8,1624.0,0.411546,0.189717,161
2.4,2.8,1625.0,0.402887,0.158133,136
2.4,2.8,1626.0,0.438814,0.177148,108
2.4,2.8,1627.0,0.425691,0.202523,75
2.4,2.8,1628.0,0.729647,0.234348,44
2.4,2.8,1629.0,0.473427,2.057652,8
2.4,2.8,1630.0,,,0
2.4,2.8,1631.0,,,0
2.4,2.8,1632.0,,,0
2.4,2.8,1633.0,,,0
2.4,2.8,1634.0,,,0
2.4,2.8,1635.0,,,0
2.4,2.8,1636.0,,,0
2.4,2.8,1637.0,,,0
2.4,2.8,1638.0,,,0
2.4,2.8,1639.0,,,0
2.4,2.8,1640.0,,,0
2.4,2.8,1641.0,,,0
2.4,2.8,1642.0,,,0
2.4,2.8,1643.0,,,0
2.4,2.8,1644.0,,,0
2.4,2.8,1645.0,,,0
2.4,2.8,1646.0,,,0
2.4,2.8,1647.0,,,0
2.4,2.8,1648.0,,,0
2.4,2.8,1649.0,,,0
2.4,2.8,1650.0,,,0
2.4,2.8,1651.0,,,0
2.4,2.8,1652.0,,,0
2.4,2.8,1653.0,,,0
2.4,2.8,1654.0,,,0
2.4,2.8,1655.0,,,0
2.4,2.8,1656.0,,,0
2.4,2.8,1657.0,,,0
2.4,2.8,1658.0,,,0
2.4,2.8,1659.0,,,0
2.4,2.8,1660.0,,,0
2.4,2.8,1661.0,,,0
2.4,2.8,1662.0,,,0
2.4,2.8,1663.0,,,0
2.4,2.8,1664.0,,,0
2.4,2.8,1665.0,,,0
2.4,2.8,1666.0,,,0
2.4,2.8,1667.0,,,0
2.4,2.8,1668.0,,,0
2.4,2.8,1669.0,,,0
2.4,2.8,1670.0,,,0
2.4,2.8,1671.0,,,0
2.4,2.8,1672.0,,,0
2.4,2.8,1673.0,,,0
2.4,2.8,1674.0,,,0
2.4,2.8,1675.0,,,0
2.4,2.8,1676.0,,,0
2.4,2.8,1677.0,,,0
2.4,2.8,1678.0,,,0
2.4,2.8,1679.0,,,0
2.4,2.8,1680.0,,,0
2.4,2.8,1681.0,,,0
2.4,2.8,1682.0,,,0
2.4,2.8,1683.0,,,0
2.4,2.8,1684.0,,,0
2.4,2.8,1685.0,,,0
2.4,2.8,1686.0,,,0
2.4,2.8,1687.0,,,0
2.4,2.8,1688.0,,,0
2.4,2.8,1689.0,,,0
2.4,2.8,1690.0,,,0
2.4,2.8,1691.0,,,0
2.4,2.8,1692.0,,,0
2.4,2.8,1693.0,,,0
2.4,2.8,1694.0,,,0
2.4,2.8,1695.0,,,0
2.4,2.8,1696.0,,,0
2.4,2.8,1697.0,,,0
2.4,2.8,1698.0,,,0
2.4,2.8,1699.0,,,0
2.4,2.8,1700.0,,,0
2.8,3.2,1050.0,0.69865,0.065719,5000
2.8,3.2,1051.0,0.743243,0.060129,5000
2.8,3.2,1052.0,0.672029,0.052983,5000
2.8,3.2,1053.0,0.69576,0.059235,5000
2.8,3.2,1054.0,0.71575,0.051608,5000
2.8,3.2,1055.0,0.72468,0.055637,5000
2.8,3.2,1056.0,0.670623,0.058069,5000
2.8,3.2,1057.0,0.706892,0.052439,5000
2.8,3.2,1058.0,0.742314,0.05787,5000
2.8,3.2,1059.0,0.681236,0.057148,5000
2.8,3.2,1060.0,0.677445,0.051728,5000
2.8,3.2,1061.0,0.6278,0.05692,5000
2.8,3.2,1062.0,0.666524,0.052467,5000
2.8,3.2,1063.0,0.626136,0.063724,5000
2.8,3.2,1064.0,0.702423,0.05489,5000
2.8,3.2,1065.0,0.61931,0.054741,5000
2.8,3.2,1066.0,0.718211,0.061592,5000
2.8,3.2,1067.0,0.573169,0.052352,5000
2.8,3.2,1068.0,0.647904,0.059742,5000
2.8,3.2,1069.0,0.607678,0.049509,5000
2.8,3.2,1070.0,0.72742,0.057148,5000
2.8,3.2,1071.0,0.667004,0.050709,5000
2.8,3.2,1072.0,0.65101,0.062452,5000
2.8,3.2,1073.0,0.678758,0.053334,5000
2.8,3.2,1074.0,0.712457,0.053485,5000
2.8,3.2,1075.0,0.747738,0.04986,5000
2.8,3.2,1076.0,0.577927,0.055508,5000
2.8,3.2,1077.0,0.629194,0.059915,5000
2.8,3.2,1078.0,0.619354,0.053934,5000
2.8,3.2,1079.0,0.620149,0.057736,5000
2.8,3.2,1080.0,0.698348,0.054194,5000
2.8,3.2,1081.0,0.605833,0.054289,5000
2.8,3.2,1082.0,0.601602,0.057399,5000
2.8,3.2,1083.0,0.606812,0.048657,5000
2.8,3.2,1084.0,0.625048,0.04821,5000
2.8,3.2,1085.0,0.589748,0.054881,5000
2.8,3.2,1086.0,0.7161,0.052767,5000
2.8,3.2,1087.0,0.561632,0.052944,5000
2.8,3.2,1088.0,0.617543,0.048571,5000
2.8,3.2,1089.0,0.671871,0.04879,5000
2.8,3.2,1090.0,0.623216,0.049487,5000
2.8,3.2,1091.0,0.571752,0.048212,5000
2.8,3.2,1092.0,0.562491,0.050727,5000
2.8,3.2,1093.0,0.598637,0.06022,5000
2.8,3.2,1094.0,0.673847,0.047812,5000
2.8,3.2,1095.0,0.67136,0.053603,5000
2.8,3.2,1096.0,0.606412,0.052831,5000
2.8,3.2,1097.0,0.632854,0.046904,5000
2.8,3.2,1098.0,0.734113,0.055735,5000
2.8,3.2,1099.0,0.599604,0.049,5000
2.8,3.2,1100.0,0.592383,0.051684,5000
2.8,3.2,1101.0,0.614564,0.051696,5000
2.8,3.2,1102.0,0.623831,0.060133,5000
2.8,3.2,1103.0,0.700282,0.050777,5000
2.8,3.2,1104.0,0.617316,0.047152,5000
2.8,3.2,1105.0,0.587584,0.047123,5000
2.8,3.2,1106.0,0.593872,0.047377,5000
2.8,3.2,1107.0,0.650666,0.04854,5000
2.8,3.2,1108.0,0.537175,0.04945,5000
2.8,3.2,1109.0,0.562551,0.046999,5000
2.8,3.2,1110.0,0.551241,0.047658,5000
2.8,3.2,1111.0,0.591859,0.050347,5000
2.8,3.2,1112.0,0.573177,0.047082,5000
2.8,3.2,1113.0,0.567865,0.045838,5000
2.8,3.2,1114.0,0.638503,0.051381,5000
2.8,3.2,1115.0,0.589033,0.050801,5000
2.8,3.2,1116.0,0.668378,0.056771,5000
2.8,3.2,1117.0,0.61757,0.049734,5000
2.8,3.2,1118.0,0.608315,0.053531,5000
2.8,3.2,1119.0,0.633548,0.045802,5000
2.8,3.2,1120.0,0.546721,0.049421,5000
2.8,3.2,1121.0,0.58088,0.044569,5000
2.8,3.2,1122.0,0.57844,0.045896,5000
2.8,3.2,1123.0,0.613297,0.046101,5000
2.8,3.2,1124.0,0.601799,0.046174,5000
2.8,3.2,1125.0,0.576362,0.048383,5000
2.8,3.2,1126.0,0.627488,0.059515,5000
2.8,3.2,1127.0,0.592136,0.045467,5000
2.8,3.2,1128.0,0.537044,0.053531,5000
2.8,3.2,1129.0,0.54787,0.047506,5000
2.8,3.2,1130.0,0.701214,0.047306,5000
2.8,3.2,1131.0,0.549933,0.050899,5000
2.8,3.2,1132.0,0.58742,0.04971,5000
2.8,3.2,1133.0,0.587929,0.04392,5000
2.8,3.2,1134.0,0.546845,0.05825,5000
2.8,3.2,1135.0,0.638335,0.044915,5000
2.8,3.2,1136.0,0.518647,0.051423,5000
2.8,3.2,1137.0,0.556614,0.049113,5000
2.8,3.2,1138.0,0.615273,0.050972,5000
2.8,3.2,1139.0,0.579206,0.044428,5000
2.8,3.2,1140.0,0.625683,0.04908,5000
2.8,3.2,1141.0,0.609423,0.044107,5000
2.8,3.2,1142.0,0.519418,0.046744,5000
2.8,3.2,1143.0,0.572994,0.047351,5000
2.8,3.2,1144.0,0.543138,0.045586,5000
2.8,3.2,1145.0,0.651804,0.045089,5000
2.8,3.2,1146.0,0.551965,0.048681,5000
2.8,3.2,1147.0,0.56948,0.044757,5000
2.8,3.2,1148.0,0.613805,0.045247,5000
2.8,3.2,1149.0,0.582503,0.051966,5000
2.8,3.2,1150.0,0.62096,0.045496,5000
2.8,3.2,1151.0,0.618422,0.044803,5000
2.8,3.2,1152.0,0.5467,0.042798,5000
2.8,3.2,1153.0,0.60302,0.04553,5000
2.8,3.2,1154.0,0.693613,0.045416,5000
2.8,3.2,1155.0,0.552897,0.044772,5000
2.8,3.2,1156.0,0.60258,0.044302,5000
2.8,3.2,1157.0,0.610498,0.045107,5000
2.8,3.2,1158.0,0.566811,0.04602,5000
2.8,3.2,1159.0,0.460615,0.045648,5000
2.8,3.2,1160.0,0.6165,0.044878,5000
2.8,3.2,1161.0,0.52394,0.042667,5000
2.8,3.2,1162.0,0.53629,0.043371,5000
2.8,3.2,1163.0,0.576295,0.049944,5000
2.8,3.2,1164.0,0.581607,0.042895,5000
2.8,3.2,1165.0,0.590532,0.051391,5000
2.8,3.2,1166.0,0.480124,0.042006,5000
2.8,3.2,1167.0,0.504423,0.044773,5000
2.8,3.2,1168.0,0.552734,0.052375,5000
2.8,3.2,1169.0,0.517345,0.043832,5000
2.8,3.2,1170.0,0.526144,0.043111,5000
2.8,3.2,1171.0,0.504615,0.044583,5000
2.8,3.2,1172.0,0.473328,0.043095,5000
2.8,3.2,1173.0,0.454274,0.041353,5000
2.8,3.2,1174.0,0.496304,0.049545,5000
2.8,3.2,1175.0,0.437611,0.043905,5000
2.8,3.2,1176.0,0.555725,0.042481,5000
2.8,3.2,1177.0,0.592263,0.043068,5000
2.8,3.2,1178.0,0.525221,0.042608,5000
2.8,3.2,1179.0,0.482241,0.042718,5000
2.8,3.2,1180.0,0.55276,0.043965,5000
2.8,3.2,1181.0,0.560951,0.051486,5000
2.8,3.2,1182.0,0.570874,0.042499,5000
2.8,3.2,1183.0,0.537794,0.052297,5000
2.8,3.2,1184.0,0.544298,0.041917,5000
2.8,3.2,1185.0,0.506148,0.054265,5000
2.8,3.2,1186.0,0.500637,0.04161,5000
2.8,3.2,1187.0,0.518757,0.040629,5000
2.8,3.2,1188.0,0.560502,0.0414,5000
2.8,3.2,1189.0,0.503459,0.041935,5000
2.8,3.2,1190.0,0.507682,0.041455,5000
2.8,3.2,1191.0,0.49103,0.043214,5000
2.8,3.2,1192.0,0.455304,0.042067,5000
2.8,3.2,1193.0,0.534229,0.040583,5000
2.8,3.2,1194.0,0.577233,0.042879,5000
2.8,3.2,1195.0,0.624609,0.043398,5000
2.8,3.2,1196.0,0.575349,0.042467,5000
2.8,3.2,1197.0,0.558425,0.041415,5000
2.8,3.2,1198.0,0.490021,0.041134,5000
2.8,3.2,1199.0,0.549162,0.045801,5000
2.8,3.2,1200.0,0.617169,0.043832,5000
2.8,3.2,1201.0,0.519055,0.048547,5000
2.8,3.2,1202.0,0.540949,0.047177,5000
2.8,3.2,1203.0,0.231572,0.04306,5000
2.8,3.2,1204.0,0.042978,0.057689,5000
2.8,3.2,1205.0,0.201683,0.049875,5000
2.8,3.2,1206.0,0.150278,0.0416,5000
2.8,3.2,1207.0,0.116905,0.045315,5000
2.8,3.2,1208.0,0.144018,0.040051,5000
2.8,3.2,1209.0,0.143155,0.045208,5000
2.8,3.2,1210.0,0.256602,0.04223,5000
2.8,3.2,1211.0,0.27467,0.044706,5000
2.8,3.2,1212.0,0.623344,0.044803,5000
2.8,3.2,1213.0,1.435248,0.054413,5000
2.8,3.2,1214.0,5.217386,0.090937,5000
2.8,3.2,1215.0,16.495535,0.251264,5000
2.8,3.2,1216.0,12.822829,0.202142,5000
2.8,3.2,1217.0,3.465723,0.103452,5000
2.8,3.2,1218.0,0.822722,0.055442,5000
2.8,3.2,1219.0,0.451306,0.041578,5000
2.8,3.2,1220.0,0.230185,0.0446,5000
2.8,3.2,1221.0,0.272059,0.042267,5000
2.8,3.2,1222.0,0.241215,0.042526,5000
2.8,3.2,1223.0,0.269013,0.042677,5000
2.8,3.2,1224.0,0.207695,0.041954,5000
2.8,3.2,1225.0,0.311943,0.047,5000
2.8,3.2,1226.0,0.186767,0.042049,5000
2.8,3.2,1227.0,0.247238,0.045318,5000
2.8,3.2,1228.0,0.415242,0.042347,5000
2.8,3.2,1229.0,0.440438,0.045765,5000
2.8,3.2,1230.0,0.52059,0.040707,5000
2.8,3.2,1231.0,0.554887,0.042866,5000
2.8,3.2,1232.0,0.572012,0.044281,5000
2.8,3.2,1233.0,0.613849,0.046593,5000
2.8,3.2,1234.0,0.600609,0.043494,5000
2.8,3.2,1235.0,0.617186,0.040962,5000
2.8,3.2,1236.0,0.595159,0.040134,5000
2.8,3.2,1237.0,0.561268,0.047345,5000
2.8,3.2,1238.0,0.547801,0.040145,5000
2.8,3.2,1239.0,0.628865,0.051299,5000
2.8,3.2,1240.0,0.6504,0.047457,5000
2.8,3.2,1241.0,0.681183,0.041663,5000
2.8,3.2,1242.0,0.781754,0.043544,5000
2.8,3.2,1243.0,0.75469,0.048041,5000
2.8,3.2,1244.0,0.578562,0.047989,5000
2.8,3.2,1245.0,0.575629,0.044328,5000
2.8,3.2,1246.0,0.571529,0.04062,5000
2.8,3.2,1247.0,0.628818,0.04524,5000
2.8,3.2,1248.0,0.600456,0.041408,5000
2.8,3.2,1249.0,0.628001,0.044533,5000
2.8,3.2,1250.0,0.628526,0.044239,5000
2.8,3.2,1251.0,0.607006,0.047675,5000
2.8,3.2,1252.0,0.560747,0.049636,5000
2.8,3.2,1253.0,0.706088,0.047005,5000
2.8,3.2,1254.0,0.616009,0.045185,5000
2.8,3.2,1255.0,0.61185,0.048652,5000
2.8,3.2,1256.0,0.655519,0.039711,5000
2.8,3.2,1257.0,0.535066,0.047083,5000
2.8,3.2,1258.0,0.560642,0.046961,5000
2.8,3.2,1259.0,0.582537,0.047964,5000
2.8,3.2,1260.0,0.589482,0.038653,5000
2.8,3.2,1261.0,0.742229,0.047771,5000
2.8,3.2,1262.0,0.756976,0.047627,5000
2.8,3.2,1263.0,0.748732,0.057342,5000
2.8,3.2,1264.0,0.605385,0.04825,5000
2.8,3.2,1265.0,0.656299,0.048241,5000
2.8,3.2,1266.0,0.606502,0.04833,5000
2.8,3.2,1267.0,0.562518,0.042864,5000
2.8,3.2,1268.0,0.616559,0.050273,5000
2.8,3.2,1269.0,0.551279,0.052481,5000
2.8,3.2,1270.0,0.629332,0.045642,5000
2.8,3.2,1271.0,0.573763,0.043071,5000
2.8,3.2,1272.0,0.678331,0.04932,5000
2.8,3.2,1273.0,0.621156,0.043076,5000
2.8,3.2,1274.0,0.707915,0.04784,5000
2.8,3.2,1275.0,0.758662,0.044392,5000
2.8,3.2,1276.0,0.746854,0.047234,5000
2.8,3.2,1277.0,0.610253,0.050209,5000
2.8,3.2,1278.0,0.662252,0.042526,5000
2.8,3.2,1279.0,0.67462,0.05003,5000
2.8,3.2,1280.0,0.56788,0.043916,5000
2.8,3.2,1281.0,0.612616,0.045416,5000
2.8,3.2,1282.0,0.646693,0.046823,5000
2.8,3.2,1283.0,0.667274,0.047341,5000
2.8,3.2,1284.0,0.620866,0.053955,5000
2.8,3.2,1285.0,0.677026,0.043822,5000
2.8,3.2,1286.0,0.761135,0.043554,5000
2.8,3.2,1287.0,0.65805,0.039874,5000
2.8,3.2,1288.0,0.569078,0.048352,5000
2.8,3.2,1289.0,0.620498,0.040324,5000
2.8,3.2,1290.0,0.618019,0.042654,5000
2.8,3.2,1291.0,0.630704,0.04893,5000
2.8,3.2,1292.0,0.610041,0.04999,5000
2.8,3.2,1293.0,0.553022,0.045376,5000
2.8,3.2,1294.0,0.631702,0.051362,5000
2.8,3.2,1295.0,0.680852,0.0484,5000
2.8,3.2,1296.0,0.534343,0.046961,5000
2.8,3.2,1297.0,0.584159,0.04137,5000
2.8,3.2,1298.0,0.618434,0.04276,5000
2.8,3.2,1299.0,0.606592,0.047768,5000
2.8,3.2,1300.0,0.628027,0.049782,5000
2.8,3.2,1301.0,0.597947,0.052064,5000
2.8,3.2,1302.0,0.616494,0.047905,5000
2.8,3.2,1303.0,0.693072,0.042479,5000
2.8,3.2,1304.0,0.595818,0.040795,5000
2.8,3.2,1305.0,0.73735,0.045524,5000
2.8,3.2,1306.0,0.721114,0.049824,5000
2.8,3.2,1307.0,0.783201,0.045415,5000
2.8,3.2,1308.0,0.692633,0.047255,5000
2.8,3.2,1309.0,0.653052,0.050789,5000
2.8,3.2,1310.0,0.608348,0.044166,5000
2.8,3.2,1311.0,0.597994,0.044062,5000
2.8,3.2,1312.0,0.696457,0.04334,5000
2.8,3.2,1313.0,0.682331,0.04704,5000
2.8,3.2,1314.0,0.655443,0.041405,5000
2.8,3.2,1315.0,0.586864,0.047982,5000
2.8,3.2,1316.0,0.631723,0.053955,5000
2.8,3.2,1317.0,0.660075,0.04039,5000
2.8,3.2,1318.0,0.653142,0.042208,5000
2.8,3.2,1319.0,0.690089,0.053952,5000
2.8,3.2,1320.0,0.622345,0.050272,4956
2.8,3.2,1321.0,0.686625,0.046791,4922
2.8,3.2,1322.0,0.645124,0.04619,4900
2.8,3.2,1323.0,0.626034,0.043001,4879
2.8,3.2,1324.0,0.692924,0.045123,4856
2.8,3.2,1325.0,0.690164,0.052754,4833
2.8,3.2,1326.0,0.687922,0.049193,4807
2.8,3.2,1327.0,0.626154,0.04482,4771
2.8,3.2,1328.0,0.613009,0.046713,4743
2.8,3.2,1329.0,0.726217,0.041286,4725
2.8,3.2,1330.0,0.676361,0.044937,4688
2.8,3.2,1331.0,0.636806,0.047015,4653
2.8,3.2,1332.0,0.593797,0.044282,4619
2.8,3.2,1333.0,0.641161,0.048362,4600
2.8,3.2,1334.0,0.739966,0.048678,4566
2.8,3.2,1335.0,0.706166,0.041544,4534
2.8,3.2,1336.0,0.705499,0.055385,4499
2.8,3.2,1337.0,0.7422,0.047864,4471
2.8,3.2,1338.0,0.715442,0.05191,4423
2.8,3.2,1339.0,0.621005,0.051782,4388
2.8,3.2,1340.0,0.67794,0.052553,4360
2.8,3.2,1341.0,0.623304,0.05128,4314
2.8,3.2,1342.0,0.601474,0.050161,4283
2.8,3.2,1343.0,0.698315,0.051982,4249
2.8,3.2,1344.0,0.631237,0.057277,4210
2.8,3.2,1345.0,0.670628,0.058867,4182
2.8,3.2,1346.0,0.584226,0.052229,4141
2.8,3.2,1347.0,0.716447,0.058343,4120
2.8,3.2,1348.0,0.700241,0.04938,4091
2.8,3.2,1349.0,0.612233,0.046773,4066
2.8,3.2,1350.0,0.63611,0.056486,4039
2.8,3.2,1351.0,0.536076,0.05625,4004
2.8,3.2,1352.0,0.601953,0.056997,3972
2.8,3.2,1353.0,0.53796,0.057486,3940
2.8,3.2,1354.0,0.544611,0.048205,3905
2.8,3.2,1355.0,0.65921,0.052216,3866
2.8,3.2,1356.0,0.547329,0.05501,3844
2.8,3.2,1357.0,0.664611,0.04765,3812
2.8,3.2,1358.0,0.588058,0.045732,3776
2.8,3.2,1359.0,0.607233,0.046166,3743
2.8,3.2,1360.0,0.565557,0.049514,3707
2.8,3.2,1361.0,0.562838,0.053938,3663
2.8,3.2,1362.0,0.621612,0.048535,3632
2.8,3.2,1363.0,0.531107,0.04976,3599
2.8,3.2,1364.0,0.529264,0.057958,3571
2.8,3.2,1365.0,0.627872,0.053576,3537
2.8,3.2,1366.0,0.697162,0.061891,3505
2.8,3.2,1367.0,0.581313,0.055648,3467
2.8,3.2,1368.0,0.646859,0.058572,3440
2.8,3.2,1369.0,0.606061,0.057559,3407
2.8,3.2,1370.0,0.636884,0.054716,3367
2.8,3.2,1371.0,0.558973,0.056583,3331
2.8,3.2,1372.0,0.557916,0.058875,3294
2.8,3.2,1373.0,0.658981,0.060739,3256
2.8,3.2,1374.0,0.580824,0.056924,3215
2.8,3.2,1375.0,0.579211,0.058251,3179
2.8,3.2,1376.0,0.572846,0.057272,3150
2.8,3.2,1377.0,0.527504,0.050131,3113
2.8,3.2,1378.0,0.63227,0.060047,3078
2.8,3.2,1379.0,0.603065,0.056484,3045
2.8,3.2,1380.0,0.525625,0.050994,3010
2.8,3.2,1381.0,0.686327,0.052175,2969
2.8,3.2,1382.0,0.625652,0.056232,2936
2.8,3.2,1383.0,0.639075,0.053475,2903
2.8,3.2,1384.0,0.572862,0.051041,2865
2.8,3.2,1385.0,0.555394,0.053085,2825
2.8,3.2,1386.0,0.679095,0.068161,2789
2.8,3.2,1387.0,0.651972,0.055038,2756
2.8,3.2,1388.0,0.668021,0.053264,2716
2.8,3.2,1389.0,0.720321,0.062234,2685
2.8,3.2,1390.0,0.703876,0.059679,2651
2.8,3.2,1391.0,0.553238,0.055652,2619
2.8,3.2,1392.0,0.644927,0.0557,2586
2.8,3.2,1393.0,0.62925,0.065554,2554
2.8,3.2,1394.0,0.591912,0.057154,2524
2.8,3.2,1395.0,0.813423,0.057472,2499
2.8,3.2,1396.0,0.585486,0.063012,2471
2.8,3.2,1397.0,0.718627,0.062971,2437
2.8,3.2,1398.0,0.661163,0.069227,2406
2.8,3.2,1399.0,0.683513,0.065387,2369
2.8,3.2,1400.0,0.526414,0.068901,2332
2.8,3.2,1401.0,0.595681,0.067305,2299
2.8,3.2,1402.0,0.675221,0.060685,2260
2.8,3.2,1403.0,0.704055,0.070082,2226
2.8,3.2,1404.0,0.665071,0.073174,2198
2.8,3.2,1405.0,0.612294,0.064932,2168
2.8,3.2,1406.0,0.670434,0.073895,2125
2.8,3.2,1407.0,0.738156,0.071127,2084
2.8,3.2,1408.0,0.55126,0.06507,2047
2.8,3.2,1409.0,0.623596,0.064053,2018
2.8,3.2,1410.0,0.613636,0.062325,1982
2.8,3.2,1411.0,0.601126,0.065395,1943
2.8,3.2,1412.0,0.651959,0.067925,1918
2.8,3.2,1413.0,0.703474,0.062423,1870
2.8,3.2,1414.0,0.704785,0.063898,1829
2.8,3.2,1415.0,0.664334,0.066002,1777
2.8,3.2,1416.0,0.64084,0.070491,1740
2.8,3.2,1417.0,0.637659,0.067834,1688
2.8,3.2,1418.0,0.689962,0.078275,1649
2.8,3.2,1419.0,0.703131,0.081797,1598
2.8,3.2,1420.0,0.764688,0.082241,1552
2.8,3.2,1421.0,0.805435,0.099994,1521
2.8,3.2,1422.0,0.705289,0.106847,1483
2.8,3.2,1423.0,0.669954,0.08394,1441
2.8,3.2,1424.0,0.527534,0.085032,1397
2.8,3.2,1425.0,0.642049,0.086592,1360
2.8,3.2,1426.0,0.617755,0.083236,1320
2.8,3.2,1427.0,0.435426,0.087107,1276
2.8,3.2,1428.0,0.555828,0.089592,1232
2.8,3.2,1429.0,0.634815,0.092644,1189
2.8,3.2,1430.0,0.640686,0.088739,1152
2.8,3.2,1431.0,0.600617,0.080391,1112
2.8,3.2,1432.0,0.539775,0.086369,1082
2.8,3.2,1433.0,0.490459,0.082331,1049
2.8,3.2,1434.0,0.498748,0.12571,1006
2.8,3.2,1435.0,0.524035,0.101316,966
2.8,3.2,1436.0,0.804304,0.08858,919
2.8,3.2,1437.0,0.613195,0.087442,870
2.8,3.2,1438.0,0.419317,0.097969,826
2.8,3.2,1439.0,0.592987,0.097065,796
2.8,3.2,1440.0,0.506539,0.092283,768
2.8,3.2,1441.0,0.657767,0.106144,738
2.8,3.2,1442.0,0.548219,0.094917,702
2.8,3.2,1443.0,0.572185,0.094447,670
2.8,3.2,1444.0,0.476042,0.106398,623
2.8,3.2,1445.0,0.536785,0.119623,580
2.8,3.2,1446.0,0.483146,0.097287,536
2.8,3.2,1447.0,0.586454,0.106878,497
2.8,3.2,1448.0,0.58109,0.136844,471
2.8,3.2,1449.0,0.547928,0.138009,422
2.8,3.2,1450.0,0.562808,0.138609,369
2.8,3.2,1451.0,0.525824,0.134271,324
2.8,3.2,1452.0,0.698341,0.145491,274
2.8,3.2,1453.0,0.548618,0.118469,218
2.8,3.2,1454.0,0.550525,0.152197,172
2.8,3.2,1455.0,0.596087,0.15434,119
2.8,3.2,1456.0,0.526094,0.227932,72
2.8,3.2,1457.0,0.765881,0.553433,33
2.8,3.2,1458.0,,,0
2.8,3.2,1459.0,,,0
2.8,3.2,1460.0,,,0
2.8,3.2,1461.0,,,0
2.8,3.2,1462.0,,,0
2.8,3.2,1463.0,,,0
2.8,3.2,1464.0,,,0
2.8,3.2,1465.0,,,0
2.8,3.2,1466.0,,,0
2.8,3.2,1467.0,,,0
2.8,3.2,1468.0,,,0
2.8,3.2,1469.0,,,0
2.8,3.2,1470.0,,,0
2.8,3.2,1471.0,,,0
2.8,3.2,1472.0,,,0
2.8,3.2,1473.0,,,0
2.8,3.2,1474.0,,,0
2.8,3.2,1475.0,,,0
2.8,3.2,1476.0,,,0
2.8,3.2,1477.0,,,0
2.8,3.2,1478.0,,,0
2.8,3.2,1479.0,,,0
2.8,3.2,1480.0,,,0
2.8,3.2,1481.0,,,0
2.8,3.2,1482.0,,,0
2.8,3.2,1483.0,,,0
2.8,3.2,1484.0,,,0
2.8,3.2,1485.0,,,0
2.8,3.2,1486.0,,,0
2.8,3.2,1487.0,,,0
2.8,3.2,1488.0,,,0
2.8,3.2,1489.0,,,0
2.8,3.2,1490.0,,,0
2.8,3.2,1491.0,,,0
2.8,3.2,1492.0,,,0
2.8,3.2,1493.0,,,0
2.8,3.2,1494.0,,,0
2.8,3.2,1495.0,,,0
2.8,3.2,1496.0,,,0
2.8,3.2,1497.0,,,0
2.8,3.2,1498.0,,,0
2.8,3.2,1499.0,,,0
2.8,3.2,1500.0,,,0
2.8,3.2,1501.0,,,0
2.8,3.2,1502.0,,,0
2.8,3.2,1503.0,,,0
2.8,3.2,1504.0,,,0
2.8,3.2,1505.0,,,0
2.8,3.2,1506.0,,,0
2.8,3.2,1507.0,,,0
2.8,3.2,1508.0,,,0
2.8,3.2,1509.0,,,0
2.8,3.2,1510.0,,,0
2.8,3.2,1511.0,,,0
2.8,3.2,1512.0,,,0
2.8,3.2,1513.0,,,0
2.8,3.2,1514.0,,,0
2.8,3.2,1515.0,,,0
2.8,3.2,1516.0,,,0
2.8,3.2,1517.0,,,0
2.8,3.2,1518.0,,,0
2.8,3.2,1519.0,,,0
2.8,3.2,1520.0,,,0
2.8,3.2,1521.0,,,0
2.8,3.2,1522.0,,,0
2.8,3.2,1523.0,,,0
2.8,3.2,1524.0,,,0
2.8,3.2,1525.0,,,0
2.8,3.2,1526.0,,,0
2.8,3.2,1527.0,,,0
2.8,3.2,1528.0,,,0
2.8,3.2,1529.0,,,0
2.8,3.2,1530.0,,,0
2.8,3.2,1531.0,,,0
2.8,3.2,1532.0,,,0
2.8,3.2,1533.0,,,0
2.8,3.2,1534.0,,,0
2.8,3.2,1535.0,,,0
2.8,3.2,1536.0,,,0
2.8,3.2,1537.0,,,0
2.8,3.2,1538.0,,,0
2.8,3.2,1539.0,,,0
2.8,3.2,1540.0,,,0
2.8,3.2,1541.0,,,0
2.8,3.2,1542.0,,,0
2.8,3.2,1543.0,,,0
2.8,3.2,1544.0,,,0
2.8,3.2,1545.0,,,0
2.8,3.2,1546.0,,,0
2.8,3.2,1547.0,,,0
2.8,3.2,1548.0,,,0
2.8,3.2,1549.0,,,0
2.8,3.2,1550.0,,,0
2.8,3.2,1551.0,,,0
2.8,3.2,1552.0,,,0
2.8,3.2,1553.0,,,0
2.8,3.2,1554.0,,,0
2.8,3.2,1555.0,,,0
2.8,3.2,1556.0,,,0
2.8,3.2,1557.0,,,0
2.8,3.2,1558.0,,,0
2.8,3.2,1559.0,,,0
2.8,3.2,1560.0,,,0
2.8,3.2,1561.0,,,0
2.8,3.2,1562.0,,,0
2.8,3.2,1563.0,,,0
2.8,3.2,1564.0,,,0
2.8,3.2,1565.0,,,0
2.8,3.2,1566.0,,,0
2.8,3.2,1567.0,,,0
2.8,3.2,1568.0,,,0
2.8,3.2,1569.0,,,0
2.8,3.2,1570.0,,,0
2.8,3.2,1571.0,,,0
2.8,3.2,1572.0,,,0
2.8,3.2,1573.0,,,0
2.8,3.2,1574.0,,,0
2.8,3.2,1575.0,,,0
2.8,3.2,1576.0,,,0
2.8,3.2,1577.0,,,0
2.8,3.2,1578.0,,,0
2.8,3.2,1579.0,,,0
2.8,3.2,1580.0,,,0
2.8,3.2,1581.0,,,0
2.8,3.2,1582.0,,,0
2.8,3.2,1583.0,,,0
2.8,3.2,1584.0,,,0
2.8,3.2,1585.0,,,0
2.8,3.2,1586.0,,,0
2.8,3.2,1587.0,,,0
2.8,3.2,1588.0,,,0
2.8,3.2,1589.0,,,0
2.8,3.2,1590.0,,,0
2.8,3.2,1591.0,,,0
2.8,3.2,1592.0,,,0
2.8,3.2,1593.0,,,0
2.8,3.2,1594.0,,,0
2.8,3.2,1595.0,,,0
2.8,3.2,1596.0,,,0
2.8,3.2,1597.0,,,0
2.8,3.2,1598.0,,,0
2.8,3.2,1599.0,,,0
2.8,3.2,1600.0,,,0
2.8,3.2,1601.0,,,0
2.8,3.2,1602.0,,,0
2.8,3.2,1603.0,,,0
2.8,3.2,1604.0,,,0
2.8,3.2,1605.0,,,0
2.8,3.2,1606.0,,,0
2.8,3.2,1607.0,,,0
2.8,3.2,1608.0,,,0
2.8,3.2,1609.0,,,0
2.8,3.2,1610.0,,,0
2.8,3.2,1611.0,,,0
2.8,3.2,1612.0,,,0
2.8,3.2,1613.0,,,0
2.8,3.2,1614.0,,,0
2.8,3.2,1615.0,,,0
2.8,3.2,1616.0,,,0
2.8,3.2,1617.0,,,0
2.8,3.2,1618.0,,,0
2.8,3.2,1619.0,,,0
2.8,3.2,1620.0,,,0
2.8,3.2,1621.0,,,0
2.8,3.2,1622.0,,,0
2.8,3.2,1623.0,,,0
2.8,3.2,1624.0,,,0
2.8,3.2,1625.0,,,0
2.8,3.2,1626.0,,,0
2.8,3.2,1627.0,,,0
2.8,3.2,1628.0,,,0
2.8,3.2,1629.0,,,0
2.8,3.2,1630.0,,,0
2.8,3.2,1631.0,,,0
2.8,3.2,1632.0,,,0
2.8,3.2,1633.0,,,0
2.8,3.2,1634.0,,,0
2.8,3.2,1635.0,,,0
2.8,3.2,1636.0,,,0
2.8,3.2,1637.0,,,0
2.8,3.2,1638.0,,,0
2.8,3.2,1639.0,,,0
2.8,3.2,1640.0,,,0
2.8,3.2,1641.0,,,0
2.8,3.2,1642.0,,,0
2.8,3.2,1643.0,,,0
2.8,3.2,1644.0,,,0
2.8,3.2,1645.0,,,0
2.8,3.2,1646.0,,,0
2.8,3.2,1647.0,,,0
2.8,3.2,1648.0,,,0
2.8,3.2,1649.0,,,0
2.8,3.2,1650.0,,,0
2.8,3.2,1651.0,,,0
2.8,3.2,1652.0,,,0
2.8,3.2,1653.0,,,0
2.8,3.2,1654.0,,,0
2.8,3.2,1655.0,,,0
2.8,3.2,1656.0,,,0
2.8,3.2,1657.0,,,0
2.8,3.2,1658.0,,,0
2.8,3.2,1659.0,,,0
2.8,3.2,1660.0,,,0
2.8,3.2,1661.0,,,0
2.8,3.2,1662.0,,,0
2.8,3.2,1663.0,,,0
2.8,3.2,1664.0,,,0
2.8,3.2,1665.0,,,0
2.8,3.2,1666.0,,,0
2.8,3.2,1667.0,,,0
2.8,3.2,1668.0,,,0
2.8,3.2,1669.0,,,0
2.8,3.2,1670.0,,,0
2.8,3.2,1671.0,,,0
2.8,3.2,1672.0,,,0
2.8,3.2,1673.0,,,0
2.8,3.2,1674.0,,,0
2.8,3.2,1675.0,,,0
2.8,3.2,1676.0,,,0
2.8,3.2,1677.0,,,0
2.8,3.2,1678.0,,,0
2.8,3.2,1679.0,,,0
2.8,3.2,1680.0,,,0
2.8,3.2,1681.0,,,0
2.8,3.2,1682.0,,,0
2.8,3.2,1683.0,,,0
2.8,3.2,1684.0,,,0
2.8,3.2,1685.0,,,0
2.8,3.2,1686.0,,,0
2.8,3.2,1687.0,,,0
2.8,3.2,1688.0,,,0
2.8,3.2,1689.0,,,0
2.8,3.2,1690.0,,,0
2.8,3.2,1691.0,,,0
2.8,3.2,1692.0,,,0
2.8,3.2,1693.0,,,0
2.8,3.2,1694.0,,,0
2.8,3.2,1695.0,,,0
2.8,3.2,1696.0,,,0
2.8,3.2,1697.0,,,0
2.8,3.2,1698.0,,,0
2.8,3.2,1699.0,,,0
2.8,3.2,1700.0,,,0
